id,timestamp,id_planta,id_maquina,id_formula,codigo_producto,variable,tipo_alerta,valor_crudo,valor_suavizado,limite_violado,limite_min,limite_max,porcentaje_carga,prescripcion_ia,feedback_operario,timestamp_feedback
1,2026-03-09T21:57:07.393905,001,301,3360,ZB1,presion_vapor,PRESION_BAJA,6.763,6.763,8.0,8.0,25.0,62.0,"Presión de vapor críticamente baja, 6.76 PSI está por debajo del límite mínimo. Presión inferior a 8 PSI indica posible falla en la línea de vapor. Pare alimentación inmediatamente y notifique al supervisor de turno.",,
2,2026-03-09T21:57:07.393905,001,301,3360,ZB1,temp_acond,TEMPERATURA_BAJA,52.606,52.606,80.0,80.0,280.0,62.0,Temperatura del acondicionador fuera de rango mínimo. Verifique porcentaje de vapor disponible. Abra la válvula de vapor para aumentar la temperatura del acondicionador.,,
3,2026-03-09T21:59:49.619548,001,301,3360,ZB1,presion_vapor,PRESION_BAJA,6.763,6.763,8.0,8.0,25.0,62.0,"Presión de vapor críticamente baja, 6.76 PSI contra un mínimo de 8.0 PSI. Riesgo de parada por baja presión en la línea de vapor. Reporte caída de línea y baje la carga inmediatamente.",,
4,2026-03-09T21:59:49.619548,001,301,3360,ZB1,temp_acond,TEMPERATURA_BAJA,52.606,52.606,80.0,80.0,280.0,62.0,Temperatura del acondicionador fuera de rango mínimo aceptable. Verifique el porcentaje de vapor disponible en la línea. Abra la válvula de vapor para aumentar la temperatura del acondicionador hasta alcanzar los 80 grados Celsius.,,
5,2026-03-09T22:11:49.643801,002,304,3346,YA2,temp_acond,TEMPERATURA_BAJA,67.582,69.3468,70.0,70.0,270.0,184.6,Temperatura del acondicionador por debajo del límite mínimo aceptable. La carga actual excede la capacidad nominal en un 184.6%. Reduzca la carga de alimentación inmediatamente. Notifique al supervisor de turno sobre la desviación de temperatura.,,
6,2026-03-09T22:01:28.380299,001,301,3360,ZB1,presion_vapor,PRESION_BAJA,6.763,6.763,8.0,8.0,25.0,62.0,"Presión de vapor críticamente baja, 6.76 PSI, por debajo del límite mínimo de 8.0 PSI. Posible falla en la línea de vapor desde la caldera. Reporte caída de línea inmediatamente y baje la carga de alimentación a 30%.",,
6,2026-03-09T22:17:49.643801,002,304,3346,YA2,temp_acond,RETORNO_NORMAL_TEMPERATURA,74.077,70.1803,70.0,70.0,270.0,178.5,,,
7,2026-03-09T22:01:28.380299,001,301,3360,ZB1,temp_acond,TEMPERATURA_BAJA,52.606,52.606,80.0,80.0,280.0,62.0,Temperatura del acondicionador por debajo del límite mínimo aceptable. Verifique porcentaje de vapor actual. Abra la válvula de vapor para aumentar la temperatura del acondicionador.,,
8,2026-03-09T22:02:52.130032,001,301,3360,ZB1,presion_vapor,PRESION_BAJA,6.763,6.763,8.0,8.0,25.0,62.0,"Presión de vapor críticamente baja, 6.76 PSI. Riesgo de parada por baja presión en línea. Reporte caída de línea y baje la carga al 20%.",,
9,2026-03-09T22:02:52.130032,001,301,3360,ZB1,temp_acond,TEMPERATURA_BAJA,52.606,52.606,80.0,80.0,280.0,62.0,Temperatura del acondicionador por debajo del límite mínimo. Verifique porcentaje de vapor. Abra la válvula de vapor para aumentar la temperatura del acondicionador.,,
10,2026-03-09T22:05:02.882108,001,301,3360,ZB1,presion_vapor,PRESION_BAJA,6.763,6.763,8.0,8.0,25.0,62.0,"Presión de vapor críticamente baja, 6.76 PSI, fuera de rango mínimo. Riesgo de parada por baja presión en línea de vapor. Reporte caída de línea a caldera y baje la carga inmediatamente.",,
11,2026-03-09T22:05:02.882108,001,301,3360,ZB1,temp_acond,TEMPERATURA_BAJA,52.606,52.606,80.0,80.0,280.0,62.0,"Temperatura del acondicionador fuera de rango mínimo. Corriente del motor en 309.9 Amperios. Abra la válvula de vapor para aumentar la temperatura del acondicionador, monitoreando la corriente del motor.",,
12,2026-03-09T22:08:00.282925,001,301,3360,ZB1,presion_vapor,PRESION_BAJA,6.763,6.763,8.0,8.0,25.0,62.0,"Presión de vapor por debajo del límite mínimo aceptable. Presión actual es de 6.76 PSI, límite inferior es 8.0 PSI. Reporte caída de línea y baje la carga inmediatamente.",,
13,2026-03-09T22:08:00.282925,001,301,3360,ZB1,temp_acond,TEMPERATURA_BAJA,52.606,52.606,80.0,80.0,280.0,62.0,Temperatura del acondicionador fuera de rango mínimo permitido. Verifique porcentaje de vapor y corriente del motor principal. Abra la válvula de vapor y monitoree la corriente del motor.,,
7,2026-03-09T23:40:49.619548,001,304,2140,XB1,temp_acond,TEMPERATURA_BAJA,64.703,64.2711,70.0,70.0,270.0,70.4,Temperatura del acondicionador por debajo del límite mínimo permitido. Verifique porcentaje de vapor actual. Abra la válvula de vapor para aumentar la temperatura del acondicionador.,,
8,2026-03-09T23:53:49.619548,001,304,2140,XB1,temp_acond,RETORNO_NORMAL_TEMPERATURA,71.635,70.3955,70.0,70.0,270.0,103.7,,,
9,2026-03-10T00:09:49.643801,002,303,3346,YA2,presion_vapor,PRESION_ALTA,64.955,64.955,45.0,15.0,45.0,85.0,"La presión de vapor está críticamente alta, superando el límite máximo en 19.95 PSI. La sobrepresión puede dañar la línea de vapor. Cierre inmediatamente la válvula de vapor y notifique al supervisor.",,
14,2026-03-09T22:16:30.729649,001,301,3360,ZB1,presion_vapor,PRESION_BAJA,6.763,6.763,8.0,8.0,25.0,62.0,"Presión de vapor críticamente baja, 6.76 PSI. Riesgo de parada por baja presión en línea. Reporte caída de línea y baje la carga al 25%.",,
15,2026-03-09T22:16:30.729649,001,301,3360,ZB1,temp_acond,TEMPERATURA_BAJA,52.606,52.606,80.0,80.0,280.0,62.0,Temperatura del acondicionador fuera de rango mínimo. Verifique porcentaje de vapor disponible. Abra la válvula de vapor para aumentar la temperatura del acondicionador y alcanzar el mínimo operativo.,,
15,2026-03-09T22:16:43.245362,001,301,3360,ZB1,presion_vapor,PRESION_BAJA,6.763,6.763,8.0,8.0,25.0,62.0,"Presión de vapor críticamente baja, 6.76 PSI, por debajo del límite mínimo de 8.0 PSI. Verifique la línea de vapor y el porcentaje de vaporización. Reporte caída de línea y baje la carga inmediatamente.",,
16,2026-03-09T22:16:43.245362,001,301,3360,ZB1,temp_acond,TEMPERATURA_BAJA,52.606,52.606,80.0,80.0,280.0,62.0,"Temperatura del acondicionador fuera de rango mínimo permitido. Verifique porcentaje de vapor y corriente del motor principal. Abra la válvula de vapor hasta alcanzar la temperatura objetivo, monitoreando la corriente del motor.",,
17,2026-03-09T22:28:43.272243,002,304,3346,YA2,temp_acond,TEMPERATURA_BAJA,67.582,69.3468,70.0,70.0,270.0,184.6,Temperatura del acondicionador por debajo del límite mínimo aceptable. La carga actual excede la capacidad nominal de la peletizadora. Reduzca la carga de alimentación inmediatamente y notifique al supervisor de turno.,,
18,2026-03-09T22:34:43.272243,002,304,3346,YA2,temp_acond,RETORNO_NORMAL_TEMPERATURA,74.077,70.1803,70.0,70.0,270.0,178.5,,,
19,2026-03-06T14:52:03.973770,001,301,3360,ZB1,presion_vapor,PRESION_BAJA,6.763,6.763,8.0,8.0,25.0,62.0,"Presión de vapor por debajo del límite mínimo permitido. Presión actual es 6.76 PSI, límite inferior es 8.0 PSI. Verifique la línea de vapor por posible falla y notifique al supervisor de turno. Baje la carga inmediatamente.",,
20,2026-03-06T14:52:03.973770,001,301,3360,ZB1,temp_acond,TEMPERATURA_BAJA,52.606,52.606,80.0,80.0,280.0,62.0,"Temperatura del acondicionador fuera de rango mínimo permitido. Verifique porcentaje de apertura de la válvula de vapor. Ordene aumentar la apertura de la válvula de vapor hasta alcanzar la temperatura objetivo, monitoreando la corriente del motor principal.",,
21,2026-03-06T16:33:03.973770,001,304,2140,XB1,temp_acond,TEMPERATURA_BAJA,64.703,64.2711,70.0,70.0,270.0,70.4,"Temperatura del acondicionador fuera de rango inferior. La temperatura suavizada es 64.27 grados, por debajo del límite mínimo de 70 grados. Verifique porcentaje de vapor y corriente del motor principal. Aumente el porcentaje de vapor gradualmente, monitoreando la corriente del motor para evitar sobrecarga.",,
22,2026-03-06T16:46:03.973770,001,304,2140,XB1,temp_acond,RETORNO_NORMAL_TEMPERATURA,71.635,70.3955,70.0,70.0,270.0,103.7,,,
23,2026-03-06T17:34:03.973770,001,305,2260,YB1,temp_acond,TEMPERATURA_BAJA,17.452,17.4503,85.0,85.0,285.0,66.9,Temperatura del acondicionador fuera de rango mínimo permitido. Verifique porcentaje de vapor en línea. Abra la válvula de vapor para alcanzar la temperatura mínima requerida.,,
24,2026-03-06T23:44:03.973770,001,304,2140,XB1,temp_acond,TEMPERATURA_BAJA,66.161,69.2168,70.0,70.0,270.0,86.1,Temperatura del acondicionador por debajo del límite mínimo permitido. Verifique porcentaje de vapor en línea. Abra la válvula de vapor para aumentar la temperatura del acondicionador.,,
25,2026-03-06T23:54:03.973770,001,304,2140,XB1,temp_acond,RETORNO_NORMAL_TEMPERATURA,72.62,70.5192,70.0,70.0,270.0,78.1,,,
26,2026-03-07T02:54:03.973770,001,305,2260,YB1,presion_vapor,PRESION_ALTA,23.948,72.4828,45.0,15.0,45.0,76.7,"Presión de vapor excesiva, valor suavizado en 72.48 PSI. La presión supera el límite máximo permitido de 45.0 PSI. Cierre la válvula de vapor inmediatamente y notifique al supervisor de turno.",,
27,2026-03-07T03:00:03.973770,001,305,2260,YB1,presion_vapor,RETORNO_NORMAL_PRESION,24.027,40.6382,45.0,15.0,45.0,72.3,,,
28,2026-03-07T05:10:04.006491,002,304,3346,YA2,temp_acond,TEMPERATURA_BAJA,67.582,69.3468,70.0,70.0,270.0,184.6,Temperatura del acondicionador por debajo del límite inferior aceptable. La carga actual excede la capacidad nominal en un 184.6 por ciento. Reduzca inmediatamente la carga de alimentación y notifique al supervisor de turno.,,
29,2026-03-07T05:16:04.006491,002,304,3346,YA2,temp_acond,RETORNO_NORMAL_TEMPERATURA,74.077,70.1803,70.0,70.0,270.0,178.5,,,
30,2026-03-07T07:08:04.006491,002,303,3346,YA2,presion_vapor,PRESION_ALTA,64.955,64.955,45.0,15.0,45.0,85.0,"Presión de vapor excesiva, valor suavizado en 64.95 PSI. La presión supera el límite máximo permitido de 45.0 PSI. Cierre la válvula de vapor inmediatamente y notifique al supervisor de turno.",,
31,2026-03-07T07:39:04.006491,002,304,3346,YA2,temp_acond,TEMPERATURA_BAJA,65.654,68.7241,70.0,70.0,270.0,92.2,Temperatura del acondicionador por debajo del límite mínimo aceptable. Verifique porcentaje de vapor actual. Abra la válvula de vapor para alcanzar la temperatura objetivo.,,
32,2026-03-07T08:28:03.973770,001,304,2140,XB1,temp_acond,TEMPERATURA_BAJA,60.725,60.6165,70.0,70.0,270.0,79.0,"Temperatura del acondicionador por debajo del límite mínimo aceptable. Verifique porcentaje de vapor actual. Abra la válvula de vapor hasta alcanzar la temperatura objetivo, monitoreando la corriente del motor.",,
33,2026-03-07T08:35:04.006491,002,304,3346,YA2,temp_acond,RETORNO_NORMAL_TEMPERATURA,80.284,70.0886,70.0,70.0,270.0,90.7,,,
34,2026-03-07T10:08:03.973770,001,304,2140,XB1,temp_acond,RETORNO_NORMAL_TEMPERATURA,70.444,70.0679,70.0,70.0,270.0,99.7,,,
35,2026-03-07T10:26:04.006491,002,304,3346,YA2,temp_acond,TEMPERATURA_BAJA,63.977,68.9892,70.0,70.0,270.0,105.8,Temperatura del acondicionador por debajo del límite mínimo aceptable. Verifique porcentaje de vapor en línea. Abra la válvula de vapor para alcanzar la temperatura objetivo.,,
36,2026-03-07T10:32:04.006491,002,304,3346,YA2,temp_acond,RETORNO_NORMAL_TEMPERATURA,77.769,71.8,70.0,70.0,270.0,155.4,,,
37,2026-03-07T12:49:04.006491,002,304,3352,YB2,temp_acond,RETORNO_NORMAL_TEMPERATURA,79.458,72.5522,70.0,70.0,270.0,191.0,,,
38,2026-03-07T13:47:04.006491,002,304,3352,YB2,temp_acond,TEMPERATURA_BAJA,64.365,68.6529,70.0,70.0,270.0,85.2,Temperatura del acondicionador por debajo del límite mínimo aceptable. Verifique porcentaje de vapor actual. Abra la válvula de vapor para alcanzar la temperatura objetivo.,,
39,2026-03-07T15:34:04.006491,002,304,3352,YB2,temp_acond,RETORNO_NORMAL_TEMPERATURA,78.545,71.8637,70.0,70.0,270.0,187.3,,,
40,2026-03-07T15:40:04.006491,002,304,3352,YB2,temp_acond,TEMPERATURA_BAJA,65.379,69.5354,70.0,70.0,270.0,124.8,Temperatura del acondicionador por debajo del límite mínimo aceptable. La carga actual excede la capacidad nominal del equipo. Reduzca la carga de alimentación a 150 unidades y abra la válvula de vapor hasta alcanzar la temperatura objetivo.,,
41,2026-03-07T18:39:04.006491,002,304,3352,YB2,temp_acond,TEMPERATURA_BAJA,66.756,69.8526,70.0,70.0,270.0,97.0,Temperatura del acondicionador por debajo del límite mínimo aceptable. Verifique el porcentaje de vapor actual. Abra la válvula de vapor para compensar la caída térmica.,,
42,2026-03-07T18:49:03.973770,001,305,2260,YB1,presion_vapor,PRESION_ALTA,24.205,52.3042,45.0,15.0,45.0,70.3,"Presión de vapor excediendo el límite máximo permitido. La presión suavizada es 52.30 PSI, superando el límite de 45.0 PSI. Verifique la válvula de entrada de vapor y la línea de suministro. Reduzca inmediatamente la presión de vapor a un valor dentro del rango operativo normal.",,
43,2026-03-07T18:51:03.973770,001,305,2260,YB1,presion_vapor,RETORNO_NORMAL_PRESION,24.125,43.8505,45.0,15.0,45.0,78.1,,,
44,2026-03-07T18:58:04.006491,002,304,3346,YA2,temp_acond,RETORNO_NORMAL_TEMPERATURA,80.284,71.5397,70.0,70.0,270.0,139.3,,,
45,2026-03-07T20:45:03.973770,001,304,2140,XB1,temp_acond,TEMPERATURA_BAJA,67.639,69.9062,70.0,70.0,270.0,83.8,Temperatura del acondicionador por debajo del límite mínimo aceptable. Verifique porcentaje de apertura de la válvula de vapor. Ordene aumentar el porcentaje de vapor hasta alcanzar los 70 grados Celsius.,,
46,2026-03-07T20:53:03.973770,001,304,2140,XB1,temp_acond,RETORNO_NORMAL_TEMPERATURA,71.511,70.1563,70.0,70.0,270.0,96.3,,,
47,2026-03-07T21:58:04.006491,002,304,3346,YA2,temp_acond,TEMPERATURA_BAJA,65.867,68.8506,70.0,70.0,270.0,97.8,Temperatura del acondicionador por debajo del límite mínimo permitido. Verifique el porcentaje de vapor actual en la línea. Abra la válvula de vapor hasta alcanzar una temperatura estable por encima de 70 grados Celsius.,,
48,2026-03-08T03:15:03.973770,001,305,2260,YB1,presion_vapor,PRESION_ALTA,24.267,47.8279,45.0,15.0,45.0,69.4,La presión de vapor suavizada supera el límite máximo permitido. La línea de vapor presenta una caída abrupta. Reporte caída de línea y baje la carga a 50 unidades.,,
49,2026-03-08T03:17:03.973770,001,305,2260,YB1,presion_vapor,RETORNO_NORMAL_PRESION,24.249,40.7543,45.0,15.0,45.0,69.7,,,
50,2026-03-08T03:53:04.006491,002,304,3352,YB2,temp_acond,RETORNO_NORMAL_TEMPERATURA,85.565,73.4262,70.0,70.0,270.0,164.6,,,
51,2026-03-08T05:02:03.973770,001,302,2260,YB1,presion_vapor,PRESION_BAJA,10.149,6.5447,15.0,15.0,45.0,43.9,"Presión de vapor críticamente baja, 6.54 PSI, fuera de rango. Verifique la línea de vapor desde la caldera por posible caída de presión. Baje la carga de alimentación inmediatamente y notifique al supervisor.",,
52,2026-03-08T05:02:03.973770,001,302,2260,YB1,temp_acond,TEMPERATURA_BAJA,60.015,59.3906,85.0,85.0,285.0,43.9,Temperatura del acondicionador fuera de rango mínimo aceptable. Verifique porcentaje de vapor actual. Abra la válvula de vapor hasta alcanzar 85 grados Celsius.,,
53,2026-03-08T06:12:04.006491,002,304,3352,YB2,temp_acond,TEMPERATURA_BAJA,64.378,69.9264,70.0,70.0,270.0,101.6,Temperatura del acondicionador por debajo del límite mínimo aceptable. Verifique porcentaje de vapor disponible en la línea. Abra la válvula de vapor para alcanzar los 70 grados Celsius.,,
54,2026-03-08T06:38:04.006491,002,304,3352,YB2,temp_acond,RETORNO_NORMAL_TEMPERATURA,80.66,72.2093,70.0,70.0,270.0,158.9,,,
55,2026-03-08T07:12:03.973770,001,302,2260,YB1,presion_vapor,PRESION_BAJA,6.022,13.8416,15.0,15.0,45.0,61.1,Presión de vapor suavizada por debajo del límite mínimo aceptable. Verifique porcentaje de vapor actual. Abra la válvula de vapor para compensar la caída de presión.,,
56,2026-03-08T08:28:04.006491,002,303,3366,ZA2,temp_acond,TEMPERATURA_BAJA,81.195,74.7975,75.0,75.0,275.0,68.8,Temperatura del acondicionador por debajo del límite mínimo aceptable. Verifique el porcentaje de vapor actual. Abra la válvula de vapor hasta alcanzar la temperatura objetivo.,,
57,2026-03-08T08:30:04.006491,002,303,3366,ZA2,temp_acond,RETORNO_NORMAL_TEMPERATURA,81.826,76.9061,75.0,75.0,275.0,71.2,,,
58,2026-03-08T08:37:04.006491,002,304,3352,YB2,temp_acond,TEMPERATURA_BAJA,73.051,63.0736,70.0,70.0,270.0,91.6,Temperatura del acondicionador por debajo del límite mínimo aceptable. Verifique el porcentaje de vapor actual en la línea. Abra la válvula de vapor hasta alcanzar una temperatura estable por encima de 70 grados Celsius.,,
59,2026-03-08T08:41:04.006491,002,304,3352,YB2,temp_acond,RETORNO_NORMAL_TEMPERATURA,79.371,71.1723,70.0,70.0,270.0,157.6,,,
60,2026-03-08T11:41:04.006491,002,304,3346,YA2,temp_acond,RETORNO_NORMAL_TEMPERATURA,82.074,72.128,70.0,70.0,270.0,120.1,,,
61,2026-03-08T12:58:04.006491,002,304,3346,YA2,temp_acond,TEMPERATURA_BAJA,67.744,69.9568,70.0,70.0,270.0,96.6,Temperatura del acondicionador por debajo del límite mínimo aceptable. Verifique porcentaje de vapor actual. Abra la válvula de vapor para alcanzar la temperatura objetivo.,,
62,2026-03-08T15:12:03.973770,001,305,2260,YB1,presion_vapor,PRESION_ALTA,23.168,47.8368,45.0,15.0,45.0,66.7,"Presión de vapor excedida, valor suavizado en 47.84 PSI. Verifique la línea de vapor y la caldera por posible sobrepresión. Reduzca la carga de alimentación y notifique al supervisor de turno.",,
63,2026-03-08T15:13:03.973770,001,305,2260,YB1,presion_vapor,RETORNO_NORMAL_PRESION,23.221,40.4521,45.0,15.0,45.0,68.6,,,
64,2026-03-08T19:17:04.006491,002,304,3346,YA2,presion_vapor,PRESION_ALTA,126.819,126.0623,45.0,15.0,45.0,127.6,"Presión de vapor excesiva, valor suavizado en 126.06 PSI.  La presión supera ampliamente el límite máximo permitido de 45 PSI.  Cierre inmediatamente la válvula de vapor y notifique al supervisor de turno.",,
65,2026-03-08T19:20:03.973770,001,305,2260,YB1,presion_vapor,PRESION_ALTA,24.01,58.3362,45.0,15.0,45.0,69.2,Presión de vapor excediendo el límite máximo permitido. Verifique la válvula de entrada de vapor por posible obstrucción. Cierre manualmente la válvula de vapor hasta alcanzar el rango operativo normal. Notifique al supervisor de turno sobre la alta severidad.,,
66,2026-03-08T19:22:03.973770,001,305,2260,YB1,presion_vapor,RETORNO_NORMAL_PRESION,23.399,40.5182,45.0,15.0,45.0,77.9,,,
67,2026-03-08T19:25:04.006491,002,304,3346,YA2,presion_vapor,RETORNO_NORMAL_PRESION,27.639,44.075,45.0,15.0,45.0,172.7,,,
68,2026-03-08T19:27:03.973770,001,302,2260,YB1,temp_acond,TEMPERATURA_BAJA,54.839,71.3753,85.0,85.0,285.0,51.2,"Temperatura del acondicionador por debajo del límite mínimo aceptable. Verifique porcentaje de vapor en línea. Abra la válvula de vapor hasta alcanzar 85 grados Celsius, monitoreando la corriente del motor.",,
69,2026-03-08T19:33:03.973770,001,302,2260,YB1,presion_vapor,RETORNO_NORMAL_PRESION,17.316,15.3882,15.0,15.0,45.0,78.8,,,
70,2026-03-08T22:11:03.973770,001,302,2260,YB1,presion_vapor,PRESION_BAJA,5.744,13.197,15.0,15.0,45.0,70.5,Presión de vapor por debajo del límite mínimo aceptable. Verifique la línea de vapor principal por posible falla de caldera. Reporte caída de línea y baje la carga a 50%.,,
71,2026-03-08T22:27:04.006491,002,304,3346,YA2,temp_acond,TEMPERATURA_BAJA,72.275,68.5155,70.0,70.0,270.0,79.6,Temperatura del acondicionador por debajo del límite mínimo aceptable. Verifique el porcentaje de vapor actual. Abra la válvula de vapor para aumentar la temperatura del acondicionador.,,
72,2026-03-08T22:28:04.006491,002,304,3346,YA2,temp_acond,RETORNO_NORMAL_TEMPERATURA,78.958,71.6483,70.0,70.0,270.0,103.7,,,
73,2026-03-08T22:31:03.973770,001,302,2260,YB1,presion_vapor,RETORNO_NORMAL_PRESION,16.86,15.3468,15.0,15.0,45.0,86.1,,,
74,2026-03-09T00:33:03.973770,001,301,3360,ZB1,presion_vapor,RETORNO_NORMAL_PRESION,10.085,8.6159,8.0,8.0,25.0,42.1,,,
75,2026-03-09T00:35:03.973770,001,302,2260,YB1,presion_vapor,PRESION_BAJA,8.96,14.2667,15.0,15.0,45.0,54.4,"Presión de vapor baja, 14.27 PSI por debajo del límite mínimo de 15.0 PSI. Verifique porcentaje de vapor en línea. Abra la válvula de vapor para compensar la caída de presión.",,
76,2026-03-09T01:27:04.006491,002,303,3346,YA2,temp_acond,TEMPERATURA_BAJA,70.474,61.891,70.0,70.0,270.0,67.1,"Temperatura del acondicionador por debajo del límite mínimo aceptable. Verifique porcentaje de vapor actual en la línea. Abra la válvula de vapor hasta alcanzar la temperatura objetivo, monitoreando la corriente del motor para evitar sobrecarga.",,
77,2026-03-09T01:37:04.006491,002,303,3346,YA2,temp_acond,RETORNO_NORMAL_TEMPERATURA,74.274,71.0554,70.0,70.0,270.0,87.1,,,
78,2026-03-09T02:10:03.973770,001,301,3360,ZB1,presion_vapor,PRESION_BAJA,5.275,7.9199,8.0,8.0,25.0,40.2,"Presión de vapor baja, valor suavizado en 7.92 PSI.  La presión está por debajo del límite mínimo de 8.0 PSI. Reporte caída de línea y baje la carga inmediatamente.",,
79,2026-03-09T02:38:03.973770,001,301,3360,ZB1,presion_vapor,RETORNO_NORMAL_PRESION,14.461,11.9968,8.0,8.0,25.0,40.2,,,
80,2026-03-09T03:21:03.973770,001,305,2260,YB1,presion_vapor,PRESION_ALTA,26.517,58.3381,45.0,15.0,45.0,84.9,Presión de vapor suavizada supera el límite máximo permitido. Verifique la válvula de control de presión de vapor. Reduzca la presión de vapor hasta el rango operativo normal.,,
81,2026-03-09T04:34:03.973770,001,301,3360,ZB1,presion_vapor,PRESION_BAJA,5.354,5.8463,8.0,8.0,25.0,101.5,"Presión de vapor críticamente baja, 5.85 PSI. Riesgo inminente de falla en la línea de vapor. Detenga la alimentación y notifique al supervisor de turno.",,
82,2026-03-09T04:35:03.973770,001,301,3360,ZB1,presion_vapor,RETORNO_NORMAL_PRESION,14.283,8.3773,8.0,8.0,25.0,85.0,,,
83,2026-03-09T06:04:04.006491,002,304,3346,YA2,temp_acond,TEMPERATURA_BAJA,70.948,58.3621,70.0,70.0,270.0,78.1,Temperatura del acondicionador por debajo del límite mínimo aceptable. Verifique porcentaje de vapor en la línea. Abra la válvula de vapor para aumentar la temperatura del acondicionador.,,
84,2026-03-09T06:07:04.006491,002,304,3346,YA2,temp_acond,RETORNO_NORMAL_TEMPERATURA,77.456,70.9264,70.0,70.0,270.0,162.9,,,
85,2026-03-09T06:28:03.973770,001,301,3360,ZB1,presion_vapor,PRESION_BAJA,5.186,6.9621,8.0,8.0,25.0,40.2,"Presión de vapor críticamente baja, 6.96 PSI por debajo del límite mínimo. Verifique la línea de vapor principal por posible falla externa. Reporte caída de línea y baje la carga a 20%.",,
86,2026-03-09T06:47:03.973770,001,301,3360,ZB1,temp_acond,TEMPERATURA_BAJA,78.282,79.6728,80.0,80.0,280.0,40.0,Temperatura del acondicionador por debajo del límite mínimo aceptable. Verifique porcentaje de vapor disponible para la máquina 301. Abra la válvula de vapor para aumentar la temperatura del acondicionador.,,
87,2026-03-09T06:52:03.973770,001,304,2140,XB1,temp_acond,TEMPERATURA_BAJA,59.633,67.9204,70.0,70.0,270.0,82.2,Temperatura del acondicionador por debajo del límite mínimo aceptable. Verifique el porcentaje de vapor en línea. Abra la válvula de vapor hasta alcanzar la temperatura objetivo.,,
88,2026-03-09T07:05:04.006491,002,303,3346,YA2,temp_acond,TEMPERATURA_BAJA,70.552,63.325,70.0,70.0,270.0,75.1,Temperatura suavizada por debajo del límite mínimo aceptable. Verifique porcentaje de vapor actual. Abra la válvula de vapor para aumentar la temperatura del acondicionador.,,
89,2026-03-09T07:11:04.006491,002,303,3346,YA2,temp_acond,RETORNO_NORMAL_TEMPERATURA,76.325,71.2754,70.0,70.0,270.0,92.9,,,
90,2026-03-09T07:23:03.973770,001,304,2140,XB1,temp_acond,RETORNO_NORMAL_TEMPERATURA,71.23,70.0114,70.0,70.0,270.0,102.3,,,
91,2026-03-09T09:08:03.973770,001,305,2260,YB1,presion_vapor,RETORNO_NORMAL_PRESION,24.364,41.089,45.0,15.0,45.0,75.0,,,
92,2026-03-09T09:29:03.973770,001,301,2260,YB1,presion_vapor,RETORNO_NORMAL_PRESION,15.772,15.1021,15.0,15.0,45.0,70.9,,,
93,2026-03-09T09:47:04.006491,002,303,3346,YA2,temp_acond,TEMPERATURA_BAJA,57.161,60.9697,70.0,70.0,270.0,79.9,"Temperatura del acondicionador por debajo del límite mínimo aceptable. Verifique porcentaje de vapor actual. Abra la válvula de vapor hasta alcanzar el rango operativo, monitoreando la corriente del motor.",,
94,2026-03-09T09:59:04.006491,002,303,3346,YA2,temp_acond,RETORNO_NORMAL_TEMPERATURA,74.39,70.7456,70.0,70.0,270.0,80.9,,,
95,2026-03-09T10:56:03.973770,001,301,2260,YB1,presion_vapor,PRESION_BAJA,5.354,13.8168,15.0,15.0,45.0,54.8,"Presión de vapor críticamente baja, valor suavizado en 13.82 PSI. La presión está por debajo del límite mínimo de 15.0 PSI, revise la línea de vapor. Reporte caída de línea y baje la carga inmediatamente.",,
96,2026-03-09T12:11:03.973770,001,301,2260,YB1,presion_vapor,PRESION_BAJA,5.354,13.7454,15.0,15.0,45.0,60.7,Presión de vapor suavizada por debajo del límite mínimo aceptable. La lectura cruda del sensor indica posible falla en la línea de vapor. Detenga la alimentación inmediatamente y notifique al supervisor de turno.,,
97,2026-03-09T12:17:04.006491,002,304,3352,YB2,temp_acond,RETORNO_NORMAL_TEMPERATURA,81.373,72.9384,70.0,70.0,270.0,177.0,,,
98,2026-03-09T12:30:04.006491,002,303,3346,YA2,temp_acond,TEMPERATURA_BAJA,76.134,66.0628,70.0,70.0,270.0,75.1,Temperatura del acondicionador por debajo del límite mínimo aceptable. Verifique porcentaje de vapor actual. Abra la válvula de vapor para alcanzar la temperatura mínima requerida.,,
99,2026-03-09T12:34:04.006491,002,303,3346,YA2,temp_acond,RETORNO_NORMAL_TEMPERATURA,77.361,71.8436,70.0,70.0,270.0,88.9,,,
100,2026-03-09T12:55:03.973770,001,301,2260,YB1,temp_acond,RETORNO_NORMAL_TEMPERATURA,86.152,85.2188,85.0,85.0,285.0,64.2,,,
101,2026-03-09T14:07:03.973770,001,301,2260,YB1,presion_vapor,PRESION_BAJA,5.443,13.8693,15.0,15.0,45.0,55.9,"Presión de vapor críticamente baja, valor suavizado en 13.87 PSI. La lectura cruda del sensor es de 5.44 PSI, indicando posible falla en la línea de vapor. Detenga la alimentación inmediatamente y notifique al supervisor de turno.",,
102,2026-03-09T14:07:04.006491,002,304,3352,YB2,temp_acond,TEMPERATURA_BAJA,67.456,69.6834,70.0,70.0,270.0,91.7,Temperatura del acondicionador por debajo del límite mínimo aceptable. Verifique porcentaje de vapor en línea. Abra la válvula de vapor para alcanzar la temperatura objetivo.,,
103,2026-03-09T14:15:04.006491,002,304,3352,YB2,temp_acond,RETORNO_NORMAL_TEMPERATURA,80.484,71.6132,70.0,70.0,270.0,99.6,,,
104,2026-03-09T16:00:03.973770,001,301,2260,YB1,temp_acond,TEMPERATURA_BAJA,76.288,76.7453,85.0,85.0,285.0,43.0,Temperatura del acondicionador fuera de rango mínimo permitido. Verifique porcentaje de vapor en línea. Abra la válvula de vapor para alcanzar la temperatura objetivo.,,
105,2026-03-09T16:04:03.973770,001,301,2260,YB1,presion_vapor,RETORNO_NORMAL_PRESION,17.26,15.1721,15.0,15.0,45.0,58.3,,,
106,2026-03-09T16:07:04.006491,002,304,3352,YB2,temp_acond,TEMPERATURA_BAJA,66.63,69.5488,70.0,70.0,270.0,102.1,Temperatura del acondicionador por debajo del límite mínimo aceptable. Verifique porcentaje de vapor actual en la línea. Abra la válvula de vapor hasta alcanzar los 70 grados Celsius.,,
107,2026-03-09T16:59:03.973770,001,305,2260,YB1,presion_vapor,PRESION_ALTA,24.098,74.3437,45.0,15.0,45.0,67.5,⚠️ PRESCRIPCIÓN DE RESPALDO (API no disponible): Se ha detectado una desviación en los parámetros operativos. Favor verificar los valores en el panel de control de la máquina y notificar al supervisor de turno si la condición persiste.,,
108,2026-03-09T17:02:03.973770,001,305,2260,YB1,presion_vapor,RETORNO_NORMAL_PRESION,24.399,41.4888,45.0,15.0,45.0,74.7,,,
109,2026-03-09T18:48:04.006491,002,304,3352,YB2,temp_acond,RETORNO_NORMAL_TEMPERATURA,79.058,72.1505,70.0,70.0,270.0,152.2,,,
110,2026-03-09T20:00:04.006491,002,304,3352,YB2,temp_acond,TEMPERATURA_BAJA,60.248,68.0182,70.0,70.0,270.0,121.3,"Temperatura del acondicionador baja, valor suavizado en 68.02 grados, por debajo del límite mínimo de 70.0 grados. Verifique porcentaje de vapor y corriente del motor principal. Abra la válvula de vapor gradualmente, monitoreando la corriente del motor para evitar sobrecarga.",,
111,2026-03-09T22:11:04.006491,002,304,3366,ZA2,temp_acond,TEMPERATURA_BAJA,69.459,74.8531,75.0,75.0,275.0,96.1,Temperatura del acondicionador por debajo del límite mínimo aceptable. Verifique el porcentaje de vapor en la línea. Abra la válvula de vapor para compensar la caída térmica.,,
112,2026-03-06T16:33:03.973770,001,304,2140,XB1,temp_acond,TEMPERATURA_BAJA,64.703,69.8256,70.0,70.0,270.0,71.1,Temperatura del acondicionador por debajo del límite inferior aceptable. Verifique el porcentaje de vapor actual. Abra la válvula de vapor para compensar la caída térmica.,,
113,2026-03-06T16:46:03.973770,001,304,2140,XB1,temp_acond,RETORNO_NORMAL_TEMPERATURA,71.635,70.4493,70.0,70.0,270.0,103.7,,,
114,2026-03-07T02:54:03.973770,001,305,2260,YB1,presion_vapor,PRESION_ALTA,23.948,72.4828,45.0,15.0,45.0,76.7,"Presión de vapor suavizada excedida. El límite máximo es 45.0 PSI, el valor actual es 72.48 PSI. Verifique la válvula de entrada de vapor y la presión de la caldera. Cierre la válvula de vapor hasta alcanzar 40 PSI.",,
115,2026-03-07T03:00:03.973770,001,305,2260,YB1,presion_vapor,RETORNO_NORMAL_PRESION,24.027,40.6382,45.0,15.0,45.0,72.3,,,
116,2026-03-08T05:02:03.973770,001,302,2260,YB1,temp_acond,TEMPERATURA_BAJA,60.015,76.2883,85.0,85.0,285.0,43.6,Temperatura del acondicionador por debajo del límite mínimo aceptable. Verifique porcentaje de vapor en línea. Abra la válvula de vapor para aumentar la temperatura del acondicionador.,,
117,2026-03-08T05:24:03.973770,001,302,2260,YB1,temp_acond,RETORNO_NORMAL_TEMPERATURA,88.354,85.4321,85.0,85.0,285.0,85.5,,,
118,2026-03-09T00:33:03.973770,001,301,3360,ZB1,presion_vapor,RETORNO_NORMAL_PRESION,10.085,8.6159,8.0,8.0,25.0,42.1,,,
119,2026-03-09T02:10:03.973770,001,301,3360,ZB1,presion_vapor,PRESION_BAJA,5.275,7.9199,8.0,8.0,25.0,40.2,"Presión de vapor críticamente baja, valor suavizado en 7.92 PSI.  La presión está por debajo del límite mínimo de 8.0 PSI. Reporte caída de línea y baje la carga inmediatamente.",,
120,2026-03-07T05:01:04.006491,002,304,3346,YA2,temp_acond,RETORNO_NORMAL_TEMPERATURA,83.463,72.5865,70.0,70.0,270.0,161.1,,,
121,2026-03-08T08:28:04.006491,002,303,3366,ZA2,temp_acond,TEMPERATURA_BAJA,81.195,74.7975,75.0,75.0,275.0,68.8,Temperatura del acondicionador por debajo del límite mínimo aceptable. Verifique porcentaje de vapor en línea. Abra la válvula de vapor para aumentar la temperatura del acondicionador hasta alcanzar el límite mínimo de 75 grados Celsius.,,
122,2026-03-08T08:30:04.006491,002,303,3366,ZA2,temp_acond,RETORNO_NORMAL_TEMPERATURA,81.826,76.9061,75.0,75.0,275.0,71.2,,,
123,2026-03-07T05:01:04.006491,002,304,3346,YA2,temp_acond,RETORNO_NORMAL_TEMPERATURA,83.463,72.5865,70.0,70.0,270.0,161.1,,,
124,2026-03-06T16:33:03.973770,001,304,2140,XB1,temp_acond,TEMPERATURA_BAJA,64.703,69.8256,70.0,70.0,270.0,71.1,Temperatura del acondicionador por debajo del límite mínimo aceptable. Verifique porcentaje de vapor en línea. Abra la válvula de vapor para aumentar la temperatura hasta alcanzar el rango operativo normal.,,
125,2026-03-06T16:46:03.973770,001,304,2140,XB1,temp_acond,RETORNO_NORMAL_TEMPERATURA,71.635,70.4493,70.0,70.0,270.0,103.7,,,
126,2026-03-07T02:54:03.973770,001,305,2260,YB1,presion_vapor,PRESION_ALTA,23.948,72.4828,45.0,15.0,45.0,76.7,"Presión de vapor excedida, valor suavizado en 72.48 PSI. Verifique la válvula de control de vapor y la línea de suministro. Reduzca la presión de vapor a 45 PSI inmediatamente.",,
127,2026-03-07T03:00:03.973770,001,305,2260,YB1,presion_vapor,RETORNO_NORMAL_PRESION,24.027,40.6382,45.0,15.0,45.0,72.3,,,
128,2026-03-08T05:02:03.973770,001,302,2260,YB1,temp_acond,TEMPERATURA_BAJA,60.015,76.2883,85.0,85.0,285.0,43.6,Temperatura del acondicionador por debajo del límite mínimo aceptable. Verifique porcentaje de vapor en línea. Abra la válvula de vapor para alcanzar la temperatura objetivo de 85 grados Celsius.,,
129,2026-03-08T05:24:03.973770,001,302,2260,YB1,temp_acond,RETORNO_NORMAL_TEMPERATURA,88.354,85.4321,85.0,85.0,285.0,85.5,,,
130,2026-03-09T00:33:03.973770,001,301,3360,ZB1,presion_vapor,RETORNO_NORMAL_PRESION,10.085,8.6159,8.0,8.0,25.0,42.1,,,
131,2026-03-09T02:10:03.973770,001,301,3360,ZB1,presion_vapor,PRESION_BAJA,5.275,7.9199,8.0,8.0,25.0,40.2,"Presión de vapor críticamente baja, 7.92 PSI, por debajo del límite mínimo de 8.0 PSI. Verifique inmediatamente la línea de vapor y el porcentaje de apertura de la válvula. Reporte caída de línea y baje la carga a la mitad.",,
132,2026-03-07T05:01:04.006491,002,304,3346,YA2,temp_acond,RETORNO_NORMAL_TEMPERATURA,83.463,72.5865,70.0,70.0,270.0,161.1,,,
133,2026-03-08T08:28:04.006491,002,303,3366,ZA2,temp_acond,TEMPERATURA_BAJA,81.195,74.7975,75.0,75.0,275.0,68.8,Temperatura del acondicionador por debajo del límite mínimo aceptable. Verifique el porcentaje de vapor actual. Abra la válvula de vapor para compensar la caída térmica.,,
134,2026-03-08T08:30:04.006491,002,303,3366,ZA2,temp_acond,RETORNO_NORMAL_TEMPERATURA,81.826,76.9061,75.0,75.0,275.0,71.2,,,
135,2026-03-07T05:01:04.006491,002,304,3346,YA2,temp_acond,RETORNO_NORMAL_TEMPERATURA,83.463,72.5865,70.0,70.0,270.0,161.1,,,
136,2026-03-06T16:33:03.973770,001,304,2140,XB1,temp_acond,TEMPERATURA_BAJA,64.703,69.8256,70.0,70.0,270.0,71.1,Temperatura del acondicionador por debajo del límite mínimo aceptable. Verifique el porcentaje de vapor disponible en la línea. Abra la válvula de vapor para compensar la caída térmica y reporte si la presión de la caldera es insuficiente.,,
137,2026-03-06T16:46:03.973770,001,304,2140,XB1,temp_acond,RETORNO_NORMAL_TEMPERATURA,71.635,70.4493,70.0,70.0,270.0,103.7,,,
138,2026-03-07T02:54:03.973770,001,305,2260,YB1,presion_vapor,PRESION_ALTA,23.948,72.4828,45.0,15.0,45.0,76.7,"Presión de vapor excedida, valor suavizado en 72.48 PSI. Verifique la válvula de control de presión y la línea de suministro de vapor. Reduzca la presión de vapor a 45 PSI inmediatamente.",,
139,2026-03-07T03:00:03.973770,001,305,2260,YB1,presion_vapor,RETORNO_NORMAL_PRESION,24.027,40.6382,45.0,15.0,45.0,72.3,,,
140,2026-03-08T05:02:03.973770,001,302,2260,YB1,temp_acond,TEMPERATURA_BAJA,60.015,76.2883,85.0,85.0,285.0,43.6,Temperatura del acondicionador por debajo del límite mínimo aceptable. Verifique porcentaje de vapor disponible en la línea. Abra la válvula de vapor para alcanzar la temperatura objetivo y notifique al supervisor si la temperatura no se estabiliza.,,
141,2026-03-08T05:24:03.973770,001,302,2260,YB1,temp_acond,RETORNO_NORMAL_TEMPERATURA,88.354,85.4321,85.0,85.0,285.0,85.5,,,
142,2026-03-09T00:33:03.973770,001,301,3360,ZB1,presion_vapor,RETORNO_NORMAL_PRESION,10.085,8.6159,8.0,8.0,25.0,42.1,,,
143,2026-03-09T02:10:03.973770,001,301,3360,ZB1,presion_vapor,PRESION_BAJA,5.275,7.9199,8.0,8.0,25.0,40.2,"Presión de vapor críticamente baja, valor suavizado en 7.92 PSI. Riesgo de falla en línea de vapor detectado. Detenga la alimentación inmediatamente y notifique al supervisor de turno.",,
144,2026-03-07T05:01:04.006491,002,304,3346,YA2,temp_acond,RETORNO_NORMAL_TEMPERATURA,83.463,72.5865,70.0,70.0,270.0,161.1,,,
145,2026-03-08T08:28:04.006491,002,303,3366,ZA2,temp_acond,TEMPERATURA_BAJA,81.195,74.7975,75.0,75.0,275.0,68.8,"Temperatura del acondicionador por debajo del límite mínimo, setenta y cuatro punto ocho grados Celsius. Verifique porcentaje de vapor en línea. Abra la válvula de vapor para compensar la caída térmica.",,
146,2026-03-08T08:30:04.006491,002,303,3366,ZA2,temp_acond,RETORNO_NORMAL_TEMPERATURA,81.826,76.9061,75.0,75.0,275.0,71.2,,,
147,2026-03-07T05:01:04.006491,002,304,3346,YA2,temp_acond,RETORNO_NORMAL_TEMPERATURA,83.463,72.5865,70.0,70.0,270.0,161.1,,,
148,2026-03-07T20:45:03.973770,001,304,2140,XB1,temp_acond,TEMPERATURA_BAJA,67.639,69.9062,70.0,70.0,270.0,83.8,⚠️ PRESCRIPCIÓN DE RESPALDO (API no disponible): Se ha detectado una desviación en los parámetros operativos. Favor verificar los valores en el panel de control de la máquina y notificar al supervisor de turno si la condición persiste.,,
149,2026-03-07T20:53:03.973770,001,304,2140,XB1,temp_acond,RETORNO_NORMAL_TEMPERATURA,71.511,70.1563,70.0,70.0,270.0,96.3,,,
150,2026-03-08T03:15:03.973770,001,305,2260,YB1,presion_vapor,PRESION_ALTA,24.267,47.8279,45.0,15.0,45.0,69.4,⚠️ PRESCRIPCIÓN DE RESPALDO (API no disponible): Se ha detectado una desviación en los parámetros operativos. Favor verificar los valores en el panel de control de la máquina y notificar al supervisor de turno si la condición persiste.,,
151,2026-03-08T03:17:03.973770,001,305,2260,YB1,presion_vapor,RETORNO_NORMAL_PRESION,24.249,40.7543,45.0,15.0,45.0,69.7,,,
152,2026-03-08T05:02:03.973770,001,302,2260,YB1,temp_acond,TEMPERATURA_BAJA,60.015,76.2883,85.0,85.0,285.0,43.6,⚠️ PRESCRIPCIÓN DE RESPALDO (API no disponible): Se ha detectado una desviación en los parámetros operativos. Favor verificar los valores en el panel de control de la máquina y notificar al supervisor de turno si la condición persiste.,,
153,2026-03-08T05:24:03.973770,001,302,2260,YB1,temp_acond,RETORNO_NORMAL_TEMPERATURA,88.354,85.4321,85.0,85.0,285.0,85.5,,,
154,2026-03-08T15:12:03.973770,001,305,2260,YB1,presion_vapor,PRESION_ALTA,23.168,47.8368,45.0,15.0,45.0,66.7,⚠️ PRESCRIPCIÓN DE RESPALDO (API no disponible): Se ha detectado una desviación en los parámetros operativos. Favor verificar los valores en el panel de control de la máquina y notificar al supervisor de turno si la condición persiste.,,
155,2026-03-08T15:13:03.973770,001,305,2260,YB1,presion_vapor,RETORNO_NORMAL_PRESION,23.221,40.4521,45.0,15.0,45.0,68.6,,,
156,2026-03-08T19:27:03.973770,001,302,2260,YB1,temp_acond,TEMPERATURA_BAJA,54.839,71.3753,85.0,85.0,285.0,51.2,⚠️ PRESCRIPCIÓN DE RESPALDO (API no disponible): Se ha detectado una desviación en los parámetros operativos. Favor verificar los valores en el panel de control de la máquina y notificar al supervisor de turno si la condición persiste.,,
157,2026-03-08T19:33:03.973770,001,302,2260,YB1,presion_vapor,RETORNO_NORMAL_PRESION,17.316,15.3882,15.0,15.0,45.0,78.8,,,
158,2026-03-09T00:33:03.973770,001,301,3360,ZB1,presion_vapor,RETORNO_NORMAL_PRESION,10.085,8.6159,8.0,8.0,25.0,42.1,,,
159,2026-03-09T02:10:03.973770,001,301,3360,ZB1,presion_vapor,PRESION_BAJA,5.275,7.9199,8.0,8.0,25.0,40.2,⚠️ PRESCRIPCIÓN DE RESPALDO (API no disponible): Se ha detectado una desviación en los parámetros operativos. Favor verificar los valores en el panel de control de la máquina y notificar al supervisor de turno si la condición persiste.,,
160,2026-03-09T06:52:03.973770,001,304,2140,XB1,temp_acond,TEMPERATURA_BAJA,59.633,67.9204,70.0,70.0,270.0,82.2,⚠️ PRESCRIPCIÓN DE RESPALDO (API no disponible): Se ha detectado una desviación en los parámetros operativos. Favor verificar los valores en el panel de control de la máquina y notificar al supervisor de turno si la condición persiste.,,
161,2026-03-09T07:23:03.973770,001,304,2140,XB1,temp_acond,RETORNO_NORMAL_TEMPERATURA,71.23,70.0114,70.0,70.0,270.0,102.3,,,
162,2026-03-07T05:01:04.006491,002,304,3346,YA2,temp_acond,RETORNO_NORMAL_TEMPERATURA,83.463,72.5865,70.0,70.0,270.0,161.1,,,
163,2026-03-07T05:05:04.006491,002,304,3346,YA2,temp_acond,TEMPERATURA_BAJA,66.655,69.442,70.0,70.0,270.0,170.3,⚠️ PRESCRIPCIÓN DE RESPALDO (API no disponible): Se ha detectado una desviación en los parámetros operativos. Favor verificar los valores en el panel de control de la máquina y notificar al supervisor de turno si la condición persiste.,,
164,2026-03-08T08:28:04.006491,002,303,3366,ZA2,temp_acond,TEMPERATURA_BAJA,81.195,74.7975,75.0,75.0,275.0,68.8,⚠️ PRESCRIPCIÓN DE RESPALDO (API no disponible): Se ha detectado una desviación en los parámetros operativos. Favor verificar los valores en el panel de control de la máquina y notificar al supervisor de turno si la condición persiste.,,
165,2026-03-08T08:30:04.006491,002,303,3366,ZA2,temp_acond,RETORNO_NORMAL_TEMPERATURA,81.826,76.9061,75.0,75.0,275.0,71.2,,,
166,2026-03-08T03:15:03.973770,001,305,2260,YB1,presion_vapor,PRESION_ALTA,24.267,47.8279,45.0,15.0,45.0,69.4,⚠️ PRESCRIPCIÓN DE RESPALDO (API no disponible): Se ha detectado una desviación en los parámetros operativos. Favor verificar los valores en el panel de control de la máquina y notificar al supervisor de turno si la condición persiste.,,
167,2026-03-08T03:17:03.973770,001,305,2260,YB1,presion_vapor,RETORNO_NORMAL_PRESION,24.249,40.7543,45.0,15.0,45.0,69.7,,,
168,2026-03-09T00:35:03.973770,001,302,2260,YB1,presion_vapor,PRESION_BAJA,8.96,14.2667,15.0,15.0,45.0,54.4,⚠️ PRESCRIPCIÓN DE RESPALDO (API no disponible): Se ha detectado una desviación en los parámetros operativos. Favor verificar los valores en el panel de control de la máquina y notificar al supervisor de turno si la condición persiste.,,
169,2026-03-09T09:29:03.973770,001,301,2260,YB1,presion_vapor,RETORNO_NORMAL_PRESION,15.772,15.1021,15.0,15.0,45.0,70.9,,,
170,2026-03-09T10:56:03.973770,001,301,2260,YB1,presion_vapor,PRESION_BAJA,5.354,13.8168,15.0,15.0,45.0,54.8,⚠️ PRESCRIPCIÓN DE RESPALDO (API no disponible): Se ha detectado una desviación en los parámetros operativos. Favor verificar los valores en el panel de control de la máquina y notificar al supervisor de turno si la condición persiste.,,
171,2026-03-07T13:47:04.006491,002,304,3352,YB2,temp_acond,TEMPERATURA_BAJA,64.365,68.6529,70.0,70.0,270.0,85.2,⚠️ PRESCRIPCIÓN DE RESPALDO (API no disponible): Se ha detectado una desviación en los parámetros operativos. Favor verificar los valores en el panel de control de la máquina y notificar al supervisor de turno si la condición persiste.,,
172,2026-03-07T15:34:04.006491,002,304,3352,YB2,temp_acond,RETORNO_NORMAL_TEMPERATURA,78.545,71.8637,70.0,70.0,270.0,187.3,,,
173,2026-03-09T01:27:04.006491,002,303,3346,YA2,temp_acond,TEMPERATURA_BAJA,70.474,61.891,70.0,70.0,270.0,67.1,⚠️ PRESCRIPCIÓN DE RESPALDO (API no disponible): Se ha detectado una desviación en los parámetros operativos. Favor verificar los valores en el panel de control de la máquina y notificar al supervisor de turno si la condición persiste.,,
174,2026-03-09T01:37:04.006491,002,303,3346,YA2,temp_acond,RETORNO_NORMAL_TEMPERATURA,74.274,71.0554,70.0,70.0,270.0,87.1,,,
175,2026-03-06T16:33:03.973770,001,304,2140,XB1,temp_acond,TEMPERATURA_BAJA,64.703,69.8256,70.0,70.0,270.0,71.1,⚠️ PRESCRIPCIÓN DE RESPALDO (API no disponible): Se ha detectado una desviación en los parámetros operativos. Favor verificar los valores en el panel de control de la máquina y notificar al supervisor de turno si la condición persiste.,,
176,2026-03-06T16:46:03.973770,001,304,2140,XB1,temp_acond,RETORNO_NORMAL_TEMPERATURA,71.635,70.4493,70.0,70.0,270.0,103.7,,,
177,2026-03-08T05:02:03.973770,001,302,2260,YB1,temp_acond,TEMPERATURA_BAJA,60.015,76.2883,85.0,85.0,285.0,43.6,⚠️ PRESCRIPCIÓN DE RESPALDO (API no disponible): Se ha detectado una desviación en los parámetros operativos. Favor verificar los valores en el panel de control de la máquina y notificar al supervisor de turno si la condición persiste.,,
178,2026-03-07T02:54:03.973770,001,305,2260,YB1,presion_vapor,PRESION_ALTA,23.948,72.4828,45.0,15.0,45.0,76.7,⚠️ PRESCRIPCIÓN DE RESPALDO (API no disponible): Se ha detectado una desviación en los parámetros operativos. Favor verificar los valores en el panel de control de la máquina y notificar al supervisor de turno si la condición persiste.,,
179,2026-03-07T03:00:03.973770,001,305,2260,YB1,presion_vapor,RETORNO_NORMAL_PRESION,24.027,40.6382,45.0,15.0,45.0,72.3,,,
180,2026-03-08T05:02:03.973770,001,302,2260,YB1,temp_acond,TEMPERATURA_BAJA,60.015,76.2883,85.0,85.0,285.0,43.6,⚠️ PRESCRIPCIÓN DE RESPALDO (API no disponible): Se ha detectado una desviación en los parámetros operativos. Favor verificar los valores en el panel de control de la máquina y notificar al supervisor de turno si la condición persiste.,,
181,2026-03-09T00:33:03.973770,001,301,3360,ZB1,presion_vapor,RETORNO_NORMAL_PRESION,10.085,8.6159,8.0,8.0,25.0,42.1,,,
182,2026-03-09T02:10:03.973770,001,301,3360,ZB1,presion_vapor,PRESION_BAJA,5.275,7.9199,8.0,8.0,25.0,40.2,⚠️ PRESCRIPCIÓN DE RESPALDO (API no disponible): Se ha detectado una desviación en los parámetros operativos. Favor verificar los valores en el panel de control de la máquina y notificar al supervisor de turno si la condición persiste.,,
183,2026-03-07T05:01:04.006491,002,304,3346,YA2,temp_acond,RETORNO_NORMAL_TEMPERATURA,83.463,72.5865,70.0,70.0,270.0,161.1,,,
184,2026-03-07T05:05:04.006491,002,304,3346,YA2,temp_acond,TEMPERATURA_BAJA,66.655,69.442,70.0,70.0,270.0,170.3,⚠️ PRESCRIPCIÓN DE RESPALDO (API no disponible): Se ha detectado una desviación en los parámetros operativos. Favor verificar los valores en el panel de control de la máquina y notificar al supervisor de turno si la condición persiste.,,
185,2026-03-09T01:27:04.006491,002,303,3346,YA2,temp_acond,TEMPERATURA_BAJA,70.474,61.891,70.0,70.0,270.0,67.1,⚠️ PRESCRIPCIÓN DE RESPALDO (API no disponible): Se ha detectado una desviación en los parámetros operativos. Favor verificar los valores en el panel de control de la máquina y notificar al supervisor de turno si la condición persiste.,,
186,2026-03-09T01:37:04.006491,002,303,3346,YA2,temp_acond,RETORNO_NORMAL_TEMPERATURA,74.274,71.0554,70.0,70.0,270.0,87.1,,,
187,2026-03-06T16:33:03.973770,001,304,2140,XB1,temp_acond,TEMPERATURA_BAJA,64.703,69.8256,70.0,70.0,270.0,71.1,⚠️ PRESCRIPCIÓN DE RESPALDO (API no disponible): Se ha detectado una desviación en los parámetros operativos. Favor verificar los valores en el panel de control de la máquina y notificar al supervisor de turno si la condición persiste.,,
188,2026-03-06T16:46:03.973770,001,304,2140,XB1,temp_acond,RETORNO_NORMAL_TEMPERATURA,71.635,70.4493,70.0,70.0,270.0,103.7,,,
189,2026-03-08T05:02:03.973770,001,302,2260,YB1,temp_acond,TEMPERATURA_BAJA,60.015,76.2883,85.0,85.0,285.0,43.6,⚠️ PRESCRIPCIÓN DE RESPALDO (API no disponible): Se ha detectado una desviación en los parámetros operativos. Favor verificar los valores en el panel de control de la máquina y notificar al supervisor de turno si la condición persiste.,,
190,2026-03-07T02:54:03.973770,001,305,2260,YB1,presion_vapor,PRESION_ALTA,23.948,72.4828,45.0,15.0,45.0,76.7,⚠️ PRESCRIPCIÓN DE RESPALDO (API no disponible): Se ha detectado una desviación en los parámetros operativos. Favor verificar los valores en el panel de control de la máquina y notificar al supervisor de turno si la condición persiste.,,
191,2026-03-07T03:00:03.973770,001,305,2260,YB1,presion_vapor,RETORNO_NORMAL_PRESION,24.027,40.6382,45.0,15.0,45.0,72.3,,,
192,2026-03-08T05:02:03.973770,001,302,2260,YB1,temp_acond,TEMPERATURA_BAJA,60.015,76.2883,85.0,85.0,285.0,43.6,⚠️ PRESCRIPCIÓN DE RESPALDO (API no disponible): Se ha detectado una desviación en los parámetros operativos. Favor verificar los valores en el panel de control de la máquina y notificar al supervisor de turno si la condición persiste.,,
193,2026-03-09T00:33:03.973770,001,301,3360,ZB1,presion_vapor,RETORNO_NORMAL_PRESION,10.085,8.6159,8.0,8.0,25.0,42.1,,,
194,2026-03-09T02:10:03.973770,001,301,3360,ZB1,presion_vapor,PRESION_BAJA,5.275,7.9199,8.0,8.0,25.0,40.2,⚠️ PRESCRIPCIÓN DE RESPALDO (API no disponible): Se ha detectado una desviación en los parámetros operativos. Favor verificar los valores en el panel de control de la máquina y notificar al supervisor de turno si la condición persiste.,,
195,2026-03-07T05:01:04.006491,002,304,3346,YA2,temp_acond,RETORNO_NORMAL_TEMPERATURA,83.463,72.5865,70.0,70.0,270.0,161.1,,,
196,2026-03-07T05:05:04.006491,002,304,3346,YA2,temp_acond,TEMPERATURA_BAJA,66.655,69.442,70.0,70.0,270.0,170.3,⚠️ PRESCRIPCIÓN DE RESPALDO (API no disponible): Se ha detectado una desviación en los parámetros operativos. Favor verificar los valores en el panel de control de la máquina y notificar al supervisor de turno si la condición persiste.,,
197,2026-03-08T08:28:04.006491,002,303,3366,ZA2,temp_acond,TEMPERATURA_BAJA,81.195,74.7975,75.0,75.0,275.0,68.8,⚠️ PRESCRIPCIÓN DE RESPALDO (API no disponible): Se ha detectado una desviación en los parámetros operativos. Favor verificar los valores en el panel de control de la máquina y notificar al supervisor de turno si la condición persiste.,,
198,2026-03-08T08:30:04.006491,002,303,3366,ZA2,temp_acond,RETORNO_NORMAL_TEMPERATURA,81.826,76.9061,75.0,75.0,275.0,71.2,,,
199,2026-03-09T06:52:03.973770,001,304,2140,XB1,temp_acond,TEMPERATURA_BAJA,59.633,67.9204,70.0,70.0,270.0,82.2,⚠️ PRESCRIPCIÓN DE RESPALDO (API no disponible): Se ha detectado una desviación en los parámetros operativos. Favor verificar los valores en el panel de control de la máquina y notificar al supervisor de turno si la condición persiste.,,
200,2026-03-09T07:23:03.973770,001,304,2140,XB1,temp_acond,RETORNO_NORMAL_TEMPERATURA,71.23,70.0114,70.0,70.0,270.0,102.3,,,
201,2026-03-08T05:02:03.973770,001,302,2260,YB1,temp_acond,TEMPERATURA_BAJA,60.015,76.2883,85.0,85.0,285.0,43.6,⚠️ PRESCRIPCIÓN DE RESPALDO (API no disponible): Se ha detectado una desviación en los parámetros operativos. Favor verificar los valores en el panel de control de la máquina y notificar al supervisor de turno si la condición persiste.,,
202,2026-03-07T02:54:03.973770,001,305,2260,YB1,presion_vapor,PRESION_ALTA,23.948,72.4828,45.0,15.0,45.0,76.7,⚠️ PRESCRIPCIÓN DE RESPALDO (API no disponible): Se ha detectado una desviación en los parámetros operativos. Favor verificar los valores en el panel de control de la máquina y notificar al supervisor de turno si la condición persiste.,,
203,2026-03-07T03:00:03.973770,001,305,2260,YB1,presion_vapor,RETORNO_NORMAL_PRESION,24.027,40.6382,45.0,15.0,45.0,72.3,,,
204,2026-03-08T05:02:03.973770,001,302,2260,YB1,temp_acond,TEMPERATURA_BAJA,60.015,76.2883,85.0,85.0,285.0,43.6,⚠️ PRESCRIPCIÓN DE RESPALDO (API no disponible): Se ha detectado una desviación en los parámetros operativos. Favor verificar los valores en el panel de control de la máquina y notificar al supervisor de turno si la condición persiste.,,
205,2026-03-09T00:33:03.973770,001,301,3360,ZB1,presion_vapor,RETORNO_NORMAL_PRESION,10.085,8.6159,8.0,8.0,25.0,42.1,,,
206,2026-03-09T02:10:03.973770,001,301,3360,ZB1,presion_vapor,PRESION_BAJA,5.275,7.9199,8.0,8.0,25.0,40.2,⚠️ PRESCRIPCIÓN DE RESPALDO (API no disponible): Se ha detectado una desviación en los parámetros operativos. Favor verificar los valores en el panel de control de la máquina y notificar al supervisor de turno si la condición persiste.,,
207,2026-03-07T05:01:04.006491,002,304,3346,YA2,temp_acond,RETORNO_NORMAL_TEMPERATURA,83.463,72.5865,70.0,70.0,270.0,161.1,,,
208,2026-03-07T05:05:04.006491,002,304,3346,YA2,temp_acond,TEMPERATURA_BAJA,66.655,69.442,70.0,70.0,270.0,170.3,⚠️ PRESCRIPCIÓN DE RESPALDO (API no disponible): Se ha detectado una desviación en los parámetros operativos. Favor verificar los valores en el panel de control de la máquina y notificar al supervisor de turno si la condición persiste.,,
209,2026-03-08T08:28:04.006491,002,303,3366,ZA2,temp_acond,TEMPERATURA_BAJA,81.195,74.7975,75.0,75.0,275.0,68.8,⚠️ PRESCRIPCIÓN DE RESPALDO (API no disponible): Se ha detectado una desviación en los parámetros operativos. Favor verificar los valores en el panel de control de la máquina y notificar al supervisor de turno si la condición persiste.,,
210,2026-03-08T08:30:04.006491,002,303,3366,ZA2,temp_acond,RETORNO_NORMAL_TEMPERATURA,81.826,76.9061,75.0,75.0,275.0,71.2,,,
211,2026-03-06T16:33:03.973770,001,304,2140,XB1,temp_acond,TEMPERATURA_BAJA,64.703,69.8256,70.0,70.0,270.0,71.1,⚠️ PRESCRIPCIÓN DE RESPALDO (API no disponible): Se ha detectado una desviación en los parámetros operativos. Favor verificar los valores en el panel de control de la máquina y notificar al supervisor de turno si la condición persiste.,,
212,2026-03-06T16:46:03.973770,001,304,2140,XB1,temp_acond,RETORNO_NORMAL_TEMPERATURA,71.635,70.4493,70.0,70.0,270.0,103.7,,,
213,2026-03-08T05:02:03.973770,001,302,2260,YB1,temp_acond,TEMPERATURA_BAJA,60.015,76.2883,85.0,85.0,285.0,43.6,⚠️ PRESCRIPCIÓN DE RESPALDO (API no disponible): Se ha detectado una desviación en los parámetros operativos. Favor verificar los valores en el panel de control de la máquina y notificar al supervisor de turno si la condición persiste.,,
214,2026-03-07T02:54:03.973770,001,305,2260,YB1,presion_vapor,PRESION_ALTA,23.948,72.4828,45.0,15.0,45.0,76.7,⚠️ PRESCRIPCIÓN DE RESPALDO (API no disponible): Se ha detectado una desviación en los parámetros operativos. Favor verificar los valores en el panel de control de la máquina y notificar al supervisor de turno si la condición persiste.,,
215,2026-03-07T03:00:03.973770,001,305,2260,YB1,presion_vapor,RETORNO_NORMAL_PRESION,24.027,40.6382,45.0,15.0,45.0,72.3,,,
216,2026-03-08T05:02:03.973770,001,302,2260,YB1,temp_acond,TEMPERATURA_BAJA,60.015,76.2883,85.0,85.0,285.0,43.6,⚠️ PRESCRIPCIÓN DE RESPALDO (API no disponible): Se ha detectado una desviación en los parámetros operativos. Favor verificar los valores en el panel de control de la máquina y notificar al supervisor de turno si la condición persiste.,,
217,2026-03-09T02:38:03.973770,001,301,3360,ZB1,presion_vapor,RETORNO_NORMAL_PRESION,14.461,11.9968,8.0,8.0,25.0,40.2,,,
218,2026-03-09T04:34:03.973770,001,301,3360,ZB1,presion_vapor,PRESION_BAJA,5.354,5.8463,8.0,8.0,25.0,101.5,⚠️ PRESCRIPCIÓN DE RESPALDO (API no disponible): Se ha detectado una desviación en los parámetros operativos. Favor verificar los valores en el panel de control de la máquina y notificar al supervisor de turno si la condición persiste.,,
219,2026-03-07T08:35:04.006491,002,304,3346,YA2,temp_acond,RETORNO_NORMAL_TEMPERATURA,80.284,70.0886,70.0,70.0,270.0,90.7,,,
220,2026-03-07T10:26:04.006491,002,304,3346,YA2,temp_acond,TEMPERATURA_BAJA,63.977,68.9892,70.0,70.0,270.0,105.8,⚠️ PRESCRIPCIÓN DE RESPALDO (API no disponible): Se ha detectado una desviación en los parámetros operativos. Favor verificar los valores en el panel de control de la máquina y notificar al supervisor de turno si la condición persiste.,,
221,2026-03-08T08:28:04.006491,002,303,3366,ZA2,temp_acond,TEMPERATURA_BAJA,81.195,74.7975,75.0,75.0,275.0,68.8,⚠️ PRESCRIPCIÓN DE RESPALDO (API no disponible): Se ha detectado una desviación en los parámetros operativos. Favor verificar los valores en el panel de control de la máquina y notificar al supervisor de turno si la condición persiste.,,
222,2026-03-08T08:30:04.006491,002,303,3366,ZA2,temp_acond,RETORNO_NORMAL_TEMPERATURA,81.826,76.9061,75.0,75.0,275.0,71.2,,,
223,2026-03-06T16:33:03.973770,001,304,2140,XB1,temp_acond,TEMPERATURA_BAJA,64.703,69.8256,70.0,70.0,270.0,71.1,⚠️ PRESCRIPCIÓN DE RESPALDO (API no disponible): Se ha detectado una desviación en los parámetros operativos. Favor verificar los valores en el panel de control de la máquina y notificar al supervisor de turno si la condición persiste.,,
224,2026-03-06T16:46:03.973770,001,304,2140,XB1,temp_acond,RETORNO_NORMAL_TEMPERATURA,71.635,70.4493,70.0,70.0,270.0,103.7,,,
225,2026-03-08T05:02:03.973770,001,302,2260,YB1,temp_acond,TEMPERATURA_BAJA,60.015,76.2883,85.0,85.0,285.0,43.6,⚠️ PRESCRIPCIÓN DE RESPALDO (API no disponible): Se ha detectado una desviación en los parámetros operativos. Favor verificar los valores en el panel de control de la máquina y notificar al supervisor de turno si la condición persiste.,,
226,2026-03-07T02:54:03.973770,001,305,2260,YB1,presion_vapor,PRESION_ALTA,23.948,72.4828,45.0,15.0,45.0,76.7,⚠️ PRESCRIPCIÓN DE RESPALDO (API no disponible): Se ha detectado una desviación en los parámetros operativos. Favor verificar los valores en el panel de control de la máquina y notificar al supervisor de turno si la condición persiste.,,
227,2026-03-07T03:00:03.973770,001,305,2260,YB1,presion_vapor,RETORNO_NORMAL_PRESION,24.027,40.6382,45.0,15.0,45.0,72.3,,,
228,2026-03-08T05:02:03.973770,001,302,2260,YB1,temp_acond,TEMPERATURA_BAJA,60.015,76.2883,85.0,85.0,285.0,43.6,⚠️ PRESCRIPCIÓN DE RESPALDO (API no disponible): Se ha detectado una desviación en los parámetros operativos. Favor verificar los valores en el panel de control de la máquina y notificar al supervisor de turno si la condición persiste.,,
229,2026-03-09T00:33:03.973770,001,301,3360,ZB1,presion_vapor,RETORNO_NORMAL_PRESION,10.085,8.6159,8.0,8.0,25.0,42.1,,,
230,2026-03-09T02:10:03.973770,001,301,3360,ZB1,presion_vapor,PRESION_BAJA,5.275,7.9199,8.0,8.0,25.0,40.2,⚠️ PRESCRIPCIÓN DE RESPALDO (API no disponible): Se ha detectado una desviación en los parámetros operativos. Favor verificar los valores en el panel de control de la máquina y notificar al supervisor de turno si la condición persiste.,,
231,2026-03-07T05:01:04.006491,002,304,3346,YA2,temp_acond,RETORNO_NORMAL_TEMPERATURA,83.463,72.5865,70.0,70.0,270.0,161.1,,,
232,2026-03-07T05:05:04.006491,002,304,3346,YA2,temp_acond,TEMPERATURA_BAJA,66.655,69.442,70.0,70.0,270.0,170.3,⚠️ PRESCRIPCIÓN DE RESPALDO (API no disponible): Se ha detectado una desviación en los parámetros operativos. Favor verificar los valores en el panel de control de la máquina y notificar al supervisor de turno si la condición persiste.,,
233,2026-03-08T08:28:04.006491,002,303,3366,ZA2,temp_acond,TEMPERATURA_BAJA,81.195,74.7975,75.0,75.0,275.0,68.8,⚠️ PRESCRIPCIÓN DE RESPALDO (API no disponible): Se ha detectado una desviación en los parámetros operativos. Favor verificar los valores en el panel de control de la máquina y notificar al supervisor de turno si la condición persiste.,,
234,2026-03-08T08:30:04.006491,002,303,3366,ZA2,temp_acond,RETORNO_NORMAL_TEMPERATURA,81.826,76.9061,75.0,75.0,275.0,71.2,,,
235,2026-03-06T16:33:03.973770,001,304,2140,XB1,temp_acond,TEMPERATURA_BAJA,64.703,69.8256,70.0,70.0,270.0,71.1,⚠️ PRESCRIPCIÓN DE RESPALDO (API no disponible): Se ha detectado una desviación en los parámetros operativos. Favor verificar los valores en el panel de control de la máquina y notificar al supervisor de turno si la condición persiste.,,
236,2026-03-06T16:46:03.973770,001,304,2140,XB1,temp_acond,RETORNO_NORMAL_TEMPERATURA,71.635,70.4493,70.0,70.0,270.0,103.7,,,
237,2026-03-08T05:02:03.973770,001,302,2260,YB1,temp_acond,TEMPERATURA_BAJA,60.015,76.2883,85.0,85.0,285.0,43.6,⚠️ PRESCRIPCIÓN DE RESPALDO (API no disponible): Se ha detectado una desviación en los parámetros operativos. Favor verificar los valores en el panel de control de la máquina y notificar al supervisor de turno si la condición persiste.,,
238,2026-03-08T19:20:03.973770,001,305,2260,YB1,presion_vapor,PRESION_ALTA,24.01,58.3362,45.0,15.0,45.0,69.2,⚠️ PRESCRIPCIÓN DE RESPALDO (API no disponible): Se ha detectado una desviación en los parámetros operativos. Favor verificar los valores en el panel de control de la máquina y notificar al supervisor de turno si la condición persiste.,,
239,2026-03-08T19:22:03.973770,001,305,2260,YB1,presion_vapor,RETORNO_NORMAL_PRESION,23.399,40.5182,45.0,15.0,45.0,77.9,,,
240,2026-03-09T20:00:04.006491,002,304,3352,YB2,temp_acond,TEMPERATURA_BAJA,60.248,68.0182,70.0,70.0,270.0,121.3,⚠️ PRESCRIPCIÓN DE RESPALDO (API no disponible): Se ha detectado una desviación en los parámetros operativos. Favor verificar los valores en el panel de control de la máquina y notificar al supervisor de turno si la condición persiste.,,
241,2026-03-09T20:03:04.006491,002,304,3352,YB2,temp_acond,RETORNO_NORMAL_TEMPERATURA,78.87,70.6939,70.0,70.0,270.0,161.9,,,
242,2026-03-08T05:02:03.973770,001,302,2260,YB1,temp_acond,TEMPERATURA_BAJA,60.015,76.2883,85.0,85.0,285.0,43.6,⚠️ PRESCRIPCIÓN DE RESPALDO (API no disponible): Se ha detectado una desviación en los parámetros operativos. Favor verificar los valores en el panel de control de la máquina y notificar al supervisor de turno si la condición persiste.,,
243,2026-03-09T00:33:03.973770,001,301,3360,ZB1,presion_vapor,RETORNO_NORMAL_PRESION,10.085,8.6159,8.0,8.0,25.0,42.1,,,
244,2026-03-09T02:10:03.973770,001,301,3360,ZB1,presion_vapor,PRESION_BAJA,5.275,7.9199,8.0,8.0,25.0,40.2,⚠️ PRESCRIPCIÓN DE RESPALDO (API no disponible): Se ha detectado una desviación en los parámetros operativos. Favor verificar los valores en el panel de control de la máquina y notificar al supervisor de turno si la condición persiste.,,
245,2026-03-08T08:28:04.006491,002,303,3366,ZA2,temp_acond,TEMPERATURA_BAJA,81.195,74.7975,75.0,75.0,275.0,68.8,⚠️ PRESCRIPCIÓN DE RESPALDO (API no disponible): Se ha detectado una desviación en los parámetros operativos. Favor verificar los valores en el panel de control de la máquina y notificar al supervisor de turno si la condición persiste.,,
246,2026-03-08T08:30:04.006491,002,303,3366,ZA2,temp_acond,RETORNO_NORMAL_TEMPERATURA,81.826,76.9061,75.0,75.0,275.0,71.2,,,
247,2026-03-09T06:52:03.973770,001,304,2140,XB1,temp_acond,TEMPERATURA_BAJA,59.633,67.9204,70.0,70.0,270.0,82.2,⚠️ PRESCRIPCIÓN DE RESPALDO (API no disponible): Se ha detectado una desviación en los parámetros operativos. Favor verificar los valores en el panel de control de la máquina y notificar al supervisor de turno si la condición persiste.,,
248,2026-03-09T07:23:03.973770,001,304,2140,XB1,temp_acond,RETORNO_NORMAL_TEMPERATURA,71.23,70.0114,70.0,70.0,270.0,102.3,,,
249,2026-03-08T05:02:03.973770,001,302,2260,YB1,temp_acond,TEMPERATURA_BAJA,60.015,76.2883,85.0,85.0,285.0,43.6,⚠️ PRESCRIPCIÓN DE RESPALDO (API no disponible): Se ha detectado una desviación en los parámetros operativos. Favor verificar los valores en el panel de control de la máquina y notificar al supervisor de turno si la condición persiste.,,
250,2026-03-09T13:19:03.870585,001,301,3360,ZB1,presion_vapor,PRESION_BAJA,6.763,6.763,8.0,8.0,25.0,62.0,⚠️ PRESCRIPCIÓN DE RESPALDO (API no disponible): Se ha detectado una desviación en los parámetros operativos. Favor verificar los valores en el panel de control de la máquina y notificar al supervisor de turno si la condición persiste.,,
251,2026-03-09T13:19:03.870585,001,301,3360,ZB1,temp_acond,TEMPERATURA_BAJA,52.606,52.606,80.0,80.0,280.0,62.0,⚠️ PRESCRIPCIÓN DE RESPALDO (API no disponible): Se ha detectado una desviación en los parámetros operativos. Favor verificar los valores en el panel de control de la máquina y notificar al supervisor de turno si la condición persiste.,,
252,2026-03-09T13:25:20.005675,001,301,3360,ZB1,presion_vapor,PRESION_BAJA,6.763,6.763,8.0,8.0,25.0,62.0,⚠️ PRESCRIPCIÓN DE RESPALDO (API no disponible): Se ha detectado una desviación en los parámetros operativos. Favor verificar los valores en el panel de control de la máquina y notificar al supervisor de turno si la condición persiste.,,
253,2026-03-09T13:25:20.005675,001,301,3360,ZB1,temp_acond,TEMPERATURA_BAJA,52.606,52.606,80.0,80.0,280.0,62.0,⚠️ PRESCRIPCIÓN DE RESPALDO (API no disponible): Se ha detectado una desviación en los parámetros operativos. Favor verificar los valores en el panel de control de la máquina y notificar al supervisor de turno si la condición persiste.,,
254,2026-03-09T13:29:57.015578,001,301,3360,ZB1,presion_vapor,PRESION_BAJA,6.763,6.763,8.0,8.0,25.0,62.0,⚠️ PRESCRIPCIÓN DE RESPALDO (API no disponible): Se ha detectado una desviación en los parámetros operativos. Favor verificar los valores en el panel de control de la máquina y notificar al supervisor de turno si la condición persiste.,,
255,2026-03-09T13:29:57.015578,001,301,3360,ZB1,temp_acond,TEMPERATURA_BAJA,52.606,52.606,80.0,80.0,280.0,62.0,⚠️ PRESCRIPCIÓN DE RESPALDO (API no disponible): Se ha detectado una desviación en los parámetros operativos. Favor verificar los valores en el panel de control de la máquina y notificar al supervisor de turno si la condición persiste.,,
256,2026-03-09T13:39:06.748696,001,301,3360,ZB1,presion_vapor,PRESION_BAJA,6.763,6.763,8.0,8.0,25.0,62.0,⚠️ PRESCRIPCIÓN DE RESPALDO (API no disponible): Se ha detectado una desviación en los parámetros operativos. Favor verificar los valores en el panel de control de la máquina y notificar al supervisor de turno si la condición persiste.,,
257,2026-03-09T13:39:06.748696,001,301,3360,ZB1,temp_acond,TEMPERATURA_BAJA,52.606,52.606,80.0,80.0,280.0,62.0,⚠️ PRESCRIPCIÓN DE RESPALDO (API no disponible): Se ha detectado una desviación en los parámetros operativos. Favor verificar los valores en el panel de control de la máquina y notificar al supervisor de turno si la condición persiste.,,
258,2026-03-09T14:35:40.666467,001,301,3360,ZB1,presion_vapor,PRESION_BAJA,6.763,6.763,8.0,8.0,25.0,62.0,⚠️ PRESCRIPCIÓN DE RESPALDO (API no disponible): Se ha detectado una desviación en los parámetros operativos. Favor verificar los valores en el panel de control de la máquina y notificar al supervisor de turno si la condición persiste.,,
259,2026-03-09T14:35:40.666467,001,301,3360,ZB1,temp_acond,TEMPERATURA_BAJA,52.606,52.606,80.0,80.0,280.0,62.0,⚠️ PRESCRIPCIÓN DE RESPALDO (API no disponible): Se ha detectado una desviación en los parámetros operativos. Favor verificar los valores en el panel de control de la máquina y notificar al supervisor de turno si la condición persiste.,,
260,2026-03-09T14:47:05.204867,001,301,3360,ZB1,presion_vapor,PRESION_BAJA,6.763,6.763,8.0,8.0,25.0,62.0,⚠️ PRESCRIPCIÓN DE RESPALDO (API no disponible): Se ha detectado una desviación en los parámetros operativos. Favor verificar los valores en el panel de control de la máquina y notificar al supervisor de turno si la condición persiste.,,
261,2026-03-09T14:47:05.204867,001,301,3360,ZB1,temp_acond,TEMPERATURA_BAJA,52.606,52.606,80.0,80.0,280.0,62.0,⚠️ PRESCRIPCIÓN DE RESPALDO (API no disponible): Se ha detectado una desviación en los parámetros operativos. Favor verificar los valores en el panel de control de la máquina y notificar al supervisor de turno si la condición persiste.,,
262,2026-03-09T14:58:17.285802,001,301,3360,ZB1,presion_vapor,PRESION_BAJA,6.763,6.763,8.0,8.0,25.0,62.0,⚠️ PRESCRIPCIÓN DE RESPALDO (API no disponible): Se ha detectado una desviación en los parámetros operativos. Favor verificar los valores en el panel de control de la máquina y notificar al supervisor de turno si la condición persiste.,,
263,2026-03-09T14:58:17.285802,001,301,3360,ZB1,temp_acond,TEMPERATURA_BAJA,52.606,52.606,80.0,80.0,280.0,62.0,⚠️ PRESCRIPCIÓN DE RESPALDO (API no disponible): Se ha detectado una desviación en los parámetros operativos. Favor verificar los valores en el panel de control de la máquina y notificar al supervisor de turno si la condición persiste.,,
264,2026-03-09T14:59:17.285802,001,301,3360,ZB1,presion_vapor,PRESION_BAJA,6.843,6.787,8.0,8.0,25.0,61.3,⚠️ PRESCRIPCIÓN DE RESPALDO (API no disponible): Se ha detectado una desviación en los parámetros operativos. Favor verificar los valores en el panel de control de la máquina y notificar al supervisor de turno si la condición persiste.,,
265,2026-03-09T14:59:17.285802,001,301,3360,ZB1,temp_acond,TEMPERATURA_BAJA,52.937,52.7053,80.0,80.0,280.0,61.3,⚠️ PRESCRIPCIÓN DE RESPALDO (API no disponible): Se ha detectado una desviación en los parámetros operativos. Favor verificar los valores en el panel de control de la máquina y notificar al supervisor de turno si la condición persiste.,,
266,2026-03-09T15:00:17.285802,001,301,3360,ZB1,presion_vapor,PRESION_BAJA,6.843,6.8038,8.0,8.0,25.0,62.5,⚠️ PRESCRIPCIÓN DE RESPALDO (API no disponible): Se ha detectado una desviación en los parámetros operativos. Favor verificar los valores en el panel de control de la máquina y notificar al supervisor de turno si la condición persiste.,,
267,2026-03-09T15:00:17.285802,001,301,3360,ZB1,temp_acond,TEMPERATURA_BAJA,53.284,52.8789,80.0,80.0,280.0,62.5,⚠️ PRESCRIPCIÓN DE RESPALDO (API no disponible): Se ha detectado una desviación en los parámetros operativos. Favor verificar los valores en el panel de control de la máquina y notificar al supervisor de turno si la condición persiste.,,
268,2026-03-09T15:01:17.285802,001,301,3360,ZB1,presion_vapor,PRESION_BAJA,6.763,6.7916,8.0,8.0,25.0,63.5,⚠️ PRESCRIPCIÓN DE RESPALDO (API no disponible): Se ha detectado una desviación en los parámetros operativos. Favor verificar los valores en el panel de control de la máquina y notificar al supervisor de turno si la condición persiste.,,
269,2026-03-09T15:01:17.285802,001,301,3360,ZB1,temp_acond,TEMPERATURA_BAJA,53.604,53.0964,80.0,80.0,280.0,63.5,⚠️ PRESCRIPCIÓN DE RESPALDO (API no disponible): Se ha detectado una desviación en los parámetros operativos. Favor verificar los valores en el panel de control de la máquina y notificar al supervisor de turno si la condición persiste.,,
270,2026-03-09T15:02:17.285802,001,301,3360,ZB1,presion_vapor,PRESION_BAJA,6.843,6.807,8.0,8.0,25.0,63.1,⚠️ PRESCRIPCIÓN DE RESPALDO (API no disponible): Se ha detectado una desviación en los parámetros operativos. Favor verificar los valores en el panel de control de la máquina y notificar al supervisor de turno si la condición persiste.,,
271,2026-03-09T15:02:17.285802,001,301,3360,ZB1,temp_acond,TEMPERATURA_BAJA,53.894,53.3357,80.0,80.0,280.0,63.1,⚠️ PRESCRIPCIÓN DE RESPALDO (API no disponible): Se ha detectado una desviación en los parámetros operativos. Favor verificar los valores en el panel de control de la máquina y notificar al supervisor de turno si la condición persiste.,,
272,2026-03-09T15:03:17.285802,001,301,3360,ZB1,presion_vapor,PRESION_BAJA,6.763,6.7938,8.0,8.0,25.0,63.0,⚠️ PRESCRIPCIÓN DE RESPALDO (API no disponible): Se ha detectado una desviación en los parámetros operativos. Favor verificar los valores en el panel de control de la máquina y notificar al supervisor de turno si la condición persiste.,,
273,2026-03-09T15:03:17.285802,001,301,3360,ZB1,temp_acond,TEMPERATURA_BAJA,54.152,53.5806,80.0,80.0,280.0,63.0,⚠️ PRESCRIPCIÓN DE RESPALDO (API no disponible): Se ha detectado una desviación en los parámetros operativos. Favor verificar los valores en el panel de control de la máquina y notificar al supervisor de turno si la condición persiste.,,
274,2026-03-09T15:04:17.285802,001,301,3360,ZB1,presion_vapor,PRESION_BAJA,6.763,6.7846,8.0,8.0,25.0,63.9,⚠️ PRESCRIPCIÓN DE RESPALDO (API no disponible): Se ha detectado una desviación en los parámetros operativos. Favor verificar los valores en el panel de control de la máquina y notificar al supervisor de turno si la condición persiste.,,
275,2026-03-09T15:04:17.285802,001,301,3360,ZB1,temp_acond,TEMPERATURA_BAJA,54.426,53.8342,80.0,80.0,280.0,63.9,⚠️ PRESCRIPCIÓN DE RESPALDO (API no disponible): Se ha detectado una desviación en los parámetros operativos. Favor verificar los valores en el panel de control de la máquina y notificar al supervisor de turno si la condición persiste.,,
276,2026-03-09T15:05:17.285802,001,301,3360,ZB1,presion_vapor,PRESION_BAJA,6.763,6.7781,8.0,8.0,25.0,62.6,⚠️ PRESCRIPCIÓN DE RESPALDO (API no disponible): Se ha detectado una desviación en los parámetros operativos. Favor verificar los valores en el panel de control de la máquina y notificar al supervisor de turno si la condición persiste.,,
277,2026-03-09T15:05:17.285802,001,301,3360,ZB1,temp_acond,TEMPERATURA_BAJA,54.678,54.0874,80.0,80.0,280.0,62.6,⚠️ PRESCRIPCIÓN DE RESPALDO (API no disponible): Se ha detectado una desviación en los parámetros operativos. Favor verificar los valores en el panel de control de la máquina y notificar al supervisor de turno si la condición persiste.,,
278,2026-03-09T15:06:17.285802,001,301,3360,ZB1,presion_vapor,PRESION_BAJA,6.763,6.7736,8.0,8.0,25.0,64.2,⚠️ PRESCRIPCIÓN DE RESPALDO (API no disponible): Se ha detectado una desviación en los parámetros operativos. Favor verificar los valores en el panel de control de la máquina y notificar al supervisor de turno si la condición persiste.,,
279,2026-03-09T15:06:17.285802,001,301,3360,ZB1,temp_acond,TEMPERATURA_BAJA,54.911,54.3344,80.0,80.0,280.0,64.2,⚠️ PRESCRIPCIÓN DE RESPALDO (API no disponible): Se ha detectado una desviación en los parámetros operativos. Favor verificar los valores en el panel de control de la máquina y notificar al supervisor de turno si la condición persiste.,,
280,2026-03-09T15:07:17.285802,001,301,3360,ZB1,presion_vapor,PRESION_BAJA,6.763,6.7704,8.0,8.0,25.0,66.5,⚠️ PRESCRIPCIÓN DE RESPALDO (API no disponible): Se ha detectado una desviación en los parámetros operativos. Favor verificar los valores en el panel de control de la máquina y notificar al supervisor de turno si la condición persiste.,,
281,2026-03-09T15:07:17.285802,001,301,3360,ZB1,temp_acond,TEMPERATURA_BAJA,55.093,54.562,80.0,80.0,280.0,66.5,⚠️ PRESCRIPCIÓN DE RESPALDO (API no disponible): Se ha detectado una desviación en los parámetros operativos. Favor verificar los valores en el panel de control de la máquina y notificar al supervisor de turno si la condición persiste.,,
282,2026-03-09T15:08:17.285802,001,301,3360,ZB1,presion_vapor,PRESION_BAJA,6.843,6.7922,8.0,8.0,25.0,68.5,⚠️ PRESCRIPCIÓN DE RESPALDO (API no disponible): Se ha detectado una desviación en los parámetros operativos. Favor verificar los valores en el panel de control de la máquina y notificar al supervisor de turno si la condición persiste.,,
283,2026-03-09T15:08:17.285802,001,301,3360,ZB1,temp_acond,TEMPERATURA_BAJA,55.26,54.7714,80.0,80.0,280.0,68.5,⚠️ PRESCRIPCIÓN DE RESPALDO (API no disponible): Se ha detectado una desviación en los parámetros operativos. Favor verificar los valores en el panel de control de la máquina y notificar al supervisor de turno si la condición persiste.,,
284,2026-03-09T15:09:17.285802,001,301,3360,ZB1,presion_vapor,PRESION_BAJA,6.843,6.8074,8.0,8.0,25.0,68.4,⚠️ PRESCRIPCIÓN DE RESPALDO (API no disponible): Se ha detectado una desviación en los parámetros operativos. Favor verificar los valores en el panel de control de la máquina y notificar al supervisor de turno si la condición persiste.,,
285,2026-03-09T15:09:17.285802,001,301,3360,ZB1,temp_acond,TEMPERATURA_BAJA,55.397,54.9591,80.0,80.0,280.0,68.4,⚠️ PRESCRIPCIÓN DE RESPALDO (API no disponible): Se ha detectado una desviación en los parámetros operativos. Favor verificar los valores en el panel de control de la máquina y notificar al supervisor de turno si la condición persiste.,,
286,2026-03-09T15:10:17.285802,001,301,3360,ZB1,presion_vapor,PRESION_BAJA,6.931,6.8445,8.0,8.0,25.0,68.1,⚠️ PRESCRIPCIÓN DE RESPALDO (API no disponible): Se ha detectado una desviación en los parámetros operativos. Favor verificar los valores en el panel de control de la máquina y notificar al supervisor de turno si la condición persiste.,,
287,2026-03-09T15:10:17.285802,001,301,3360,ZB1,temp_acond,TEMPERATURA_BAJA,55.516,55.1262,80.0,80.0,280.0,68.1,⚠️ PRESCRIPCIÓN DE RESPALDO (API no disponible): Se ha detectado una desviación en los parámetros operativos. Favor verificar los valores en el panel de control de la máquina y notificar al supervisor de turno si la condición persiste.,,
288,2026-03-09T15:11:17.285802,001,301,3360,ZB1,presion_vapor,PRESION_BAJA,5.354,6.3973,8.0,8.0,25.0,62.2,⚠️ PRESCRIPCIÓN DE RESPALDO (API no disponible): Se ha detectado una desviación en los parámetros operativos. Favor verificar los valores en el panel de control de la máquina y notificar al supervisor de turno si la condición persiste.,,
289,2026-03-09T15:11:17.285802,001,301,3360,ZB1,temp_acond,TEMPERATURA_BAJA,55.624,55.2755,80.0,80.0,280.0,62.2,⚠️ PRESCRIPCIÓN DE RESPALDO (API no disponible): Se ha detectado una desviación en los parámetros operativos. Favor verificar los valores en el panel de control de la máquina y notificar al supervisor de turno si la condición persiste.,,
290,2026-03-09T15:12:17.285802,001,301,3360,ZB1,presion_vapor,PRESION_BAJA,5.186,6.0339,8.0,8.0,25.0,57.0,⚠️ PRESCRIPCIÓN DE RESPALDO (API no disponible): Se ha detectado una desviación en los parámetros operativos. Favor verificar los valores en el panel de control de la máquina y notificar al supervisor de turno si la condición persiste.,,
291,2026-03-09T15:12:17.285802,001,301,3360,ZB1,temp_acond,TEMPERATURA_BAJA,55.722,55.4095,80.0,80.0,280.0,57.0,⚠️ PRESCRIPCIÓN DE RESPALDO (API no disponible): Se ha detectado una desviación en los parámetros operativos. Favor verificar los valores en el panel de control de la máquina y notificar al supervisor de turno si la condición persiste.,,
292,2026-03-10T07:08:39.695550,001,301,3360,ZB1,presion_vapor,PRESION_BAJA,6.763,6.763,8.0,8.0,25.0,62.0,⚠️ PRESCRIPCIÓN DE RESPALDO (API no disponible): Se ha detectado una desviación en los parámetros operativos. Favor verificar los valores en el panel de control de la máquina y notificar al supervisor de turno si la condición persiste.,,
293,2026-03-10T07:08:39.695550,001,301,3360,ZB1,temp_acond,TEMPERATURA_BAJA,52.606,52.606,80.0,80.0,280.0,62.0,⚠️ PRESCRIPCIÓN DE RESPALDO (API no disponible): Se ha detectado una desviación en los parámetros operativos. Favor verificar los valores en el panel de control de la máquina y notificar al supervisor de turno si la condición persiste.,,
294,2026-03-10T07:09:39.695550,001,301,3360,ZB1,presion_vapor,PRESION_BAJA,6.843,6.787,8.0,8.0,25.0,61.3,⚠️ PRESCRIPCIÓN DE RESPALDO (API no disponible): Se ha detectado una desviación en los parámetros operativos. Favor verificar los valores en el panel de control de la máquina y notificar al supervisor de turno si la condición persiste.,,
295,2026-03-10T07:09:39.695550,001,301,3360,ZB1,temp_acond,TEMPERATURA_BAJA,52.937,52.7053,80.0,80.0,280.0,61.3,⚠️ PRESCRIPCIÓN DE RESPALDO (API no disponible): Se ha detectado una desviación en los parámetros operativos. Favor verificar los valores en el panel de control de la máquina y notificar al supervisor de turno si la condición persiste.,,
296,2026-03-10T07:10:39.695550,001,301,3360,ZB1,presion_vapor,PRESION_BAJA,6.843,6.8038,8.0,8.0,25.0,62.5,⚠️ PRESCRIPCIÓN DE RESPALDO (API no disponible): Se ha detectado una desviación en los parámetros operativos. Favor verificar los valores en el panel de control de la máquina y notificar al supervisor de turno si la condición persiste.,,
297,2026-03-10T07:10:39.695550,001,301,3360,ZB1,temp_acond,TEMPERATURA_BAJA,53.284,52.8789,80.0,80.0,280.0,62.5,⚠️ PRESCRIPCIÓN DE RESPALDO (API no disponible): Se ha detectado una desviación en los parámetros operativos. Favor verificar los valores en el panel de control de la máquina y notificar al supervisor de turno si la condición persiste.,,
298,2026-03-10T07:11:39.695550,001,301,3360,ZB1,presion_vapor,PRESION_BAJA,6.763,6.7916,8.0,8.0,25.0,63.5,⚠️ PRESCRIPCIÓN DE RESPALDO (API no disponible): Se ha detectado una desviación en los parámetros operativos. Favor verificar los valores en el panel de control de la máquina y notificar al supervisor de turno si la condición persiste.,,
299,2026-03-10T07:11:39.695550,001,301,3360,ZB1,temp_acond,TEMPERATURA_BAJA,53.604,53.0964,80.0,80.0,280.0,63.5,⚠️ PRESCRIPCIÓN DE RESPALDO (API no disponible): Se ha detectado una desviación en los parámetros operativos. Favor verificar los valores en el panel de control de la máquina y notificar al supervisor de turno si la condición persiste.,,
300,2026-03-10T07:12:39.695550,001,301,3360,ZB1,presion_vapor,PRESION_BAJA,6.843,6.807,8.0,8.0,25.0,63.1,⚠️ PRESCRIPCIÓN DE RESPALDO (API no disponible): Se ha detectado una desviación en los parámetros operativos. Favor verificar los valores en el panel de control de la máquina y notificar al supervisor de turno si la condición persiste.,,
301,2026-03-10T07:12:39.695550,001,301,3360,ZB1,temp_acond,TEMPERATURA_BAJA,53.894,53.3357,80.0,80.0,280.0,63.1,⚠️ PRESCRIPCIÓN DE RESPALDO (API no disponible): Se ha detectado una desviación en los parámetros operativos. Favor verificar los valores en el panel de control de la máquina y notificar al supervisor de turno si la condición persiste.,,
302,2026-03-10T07:13:39.695550,001,301,3360,ZB1,presion_vapor,PRESION_BAJA,6.763,6.7938,8.0,8.0,25.0,63.0,⚠️ PRESCRIPCIÓN DE RESPALDO (API no disponible): Se ha detectado una desviación en los parámetros operativos. Favor verificar los valores en el panel de control de la máquina y notificar al supervisor de turno si la condición persiste.,,
303,2026-03-10T07:13:39.695550,001,301,3360,ZB1,temp_acond,TEMPERATURA_BAJA,54.152,53.5806,80.0,80.0,280.0,63.0,⚠️ PRESCRIPCIÓN DE RESPALDO (API no disponible): Se ha detectado una desviación en los parámetros operativos. Favor verificar los valores en el panel de control de la máquina y notificar al supervisor de turno si la condición persiste.,,
304,2026-03-10T07:14:39.695550,001,301,3360,ZB1,presion_vapor,PRESION_BAJA,6.763,6.7846,8.0,8.0,25.0,63.9,⚠️ PRESCRIPCIÓN DE RESPALDO (API no disponible): Se ha detectado una desviación en los parámetros operativos. Favor verificar los valores en el panel de control de la máquina y notificar al supervisor de turno si la condición persiste.,,
305,2026-03-10T07:14:39.695550,001,301,3360,ZB1,temp_acond,TEMPERATURA_BAJA,54.426,53.8342,80.0,80.0,280.0,63.9,⚠️ PRESCRIPCIÓN DE RESPALDO (API no disponible): Se ha detectado una desviación en los parámetros operativos. Favor verificar los valores en el panel de control de la máquina y notificar al supervisor de turno si la condición persiste.,,
306,2026-03-10T07:15:39.695550,001,301,3360,ZB1,presion_vapor,PRESION_BAJA,6.763,6.7781,8.0,8.0,25.0,62.6,⚠️ PRESCRIPCIÓN DE RESPALDO (API no disponible): Se ha detectado una desviación en los parámetros operativos. Favor verificar los valores en el panel de control de la máquina y notificar al supervisor de turno si la condición persiste.,,
307,2026-03-10T07:15:39.695550,001,301,3360,ZB1,temp_acond,TEMPERATURA_BAJA,54.678,54.0874,80.0,80.0,280.0,62.6,⚠️ PRESCRIPCIÓN DE RESPALDO (API no disponible): Se ha detectado una desviación en los parámetros operativos. Favor verificar los valores en el panel de control de la máquina y notificar al supervisor de turno si la condición persiste.,,
308,2026-03-10T07:16:39.695550,001,301,3360,ZB1,presion_vapor,PRESION_BAJA,6.763,6.7736,8.0,8.0,25.0,64.2,⚠️ PRESCRIPCIÓN DE RESPALDO (API no disponible): Se ha detectado una desviación en los parámetros operativos. Favor verificar los valores en el panel de control de la máquina y notificar al supervisor de turno si la condición persiste.,,
309,2026-03-10T07:16:39.695550,001,301,3360,ZB1,temp_acond,TEMPERATURA_BAJA,54.911,54.3344,80.0,80.0,280.0,64.2,⚠️ PRESCRIPCIÓN DE RESPALDO (API no disponible): Se ha detectado una desviación en los parámetros operativos. Favor verificar los valores en el panel de control de la máquina y notificar al supervisor de turno si la condición persiste.,,
310,2026-03-10T07:17:39.695550,001,301,3360,ZB1,presion_vapor,PRESION_BAJA,6.763,6.7704,8.0,8.0,25.0,66.5,⚠️ PRESCRIPCIÓN DE RESPALDO (API no disponible): Se ha detectado una desviación en los parámetros operativos. Favor verificar los valores en el panel de control de la máquina y notificar al supervisor de turno si la condición persiste.,,
311,2026-03-10T07:17:39.695550,001,301,3360,ZB1,temp_acond,TEMPERATURA_BAJA,55.093,54.562,80.0,80.0,280.0,66.5,⚠️ PRESCRIPCIÓN DE RESPALDO (API no disponible): Se ha detectado una desviación en los parámetros operativos. Favor verificar los valores en el panel de control de la máquina y notificar al supervisor de turno si la condición persiste.,,
312,2026-03-10T07:22:54.694332,001,301,3360,ZB1,presion_vapor,PRESION_BAJA,6.763,6.763,8.0,8.0,25.0,62.0,⚠️ PRESCRIPCIÓN DE RESPALDO (API no disponible): Se ha detectado una desviación en los parámetros operativos. Favor verificar los valores en el panel de control de la máquina y notificar al supervisor de turno si la condición persiste.,,
313,2026-03-10T07:22:54.694332,001,301,3360,ZB1,temp_acond,TEMPERATURA_BAJA,52.606,52.606,80.0,80.0,280.0,62.0,⚠️ PRESCRIPCIÓN DE RESPALDO (API no disponible): Se ha detectado una desviación en los parámetros operativos. Favor verificar los valores en el panel de control de la máquina y notificar al supervisor de turno si la condición persiste.,,
314,2026-03-10T07:23:54.694332,001,301,3360,ZB1,presion_vapor,PRESION_BAJA,6.843,6.787,8.0,8.0,25.0,61.3,⚠️ PRESCRIPCIÓN DE RESPALDO (API no disponible): Se ha detectado una desviación en los parámetros operativos. Favor verificar los valores en el panel de control de la máquina y notificar al supervisor de turno si la condición persiste.,,
315,2026-03-10T07:23:54.694332,001,301,3360,ZB1,temp_acond,TEMPERATURA_BAJA,52.937,52.7053,80.0,80.0,280.0,61.3,⚠️ PRESCRIPCIÓN DE RESPALDO (API no disponible): Se ha detectado una desviación en los parámetros operativos. Favor verificar los valores en el panel de control de la máquina y notificar al supervisor de turno si la condición persiste.,,
316,2026-03-11T04:06:31.111968,001,301,3360,ZB1,presion_vapor,PRESION_BAJA,6.763,6.763,8.0,8.0,25.0,62.0,⚠️ PRESCRIPCIÓN DE RESPALDO (API no disponible): Se ha detectado una desviación en los parámetros operativos. Favor verificar los valores en el panel de control de la máquina y notificar al supervisor de turno si la condición persiste.,,
317,2026-03-11T04:06:31.111968,001,301,3360,ZB1,temp_acond,TEMPERATURA_BAJA,52.606,52.606,80.0,80.0,280.0,62.0,⚠️ PRESCRIPCIÓN DE RESPALDO (API no disponible): Se ha detectado una desviación en los parámetros operativos. Favor verificar los valores en el panel de control de la máquina y notificar al supervisor de turno si la condición persiste.,,
318,2026-03-11T04:07:31.111968,001,301,3360,ZB1,presion_vapor,PRESION_BAJA,6.843,6.787,8.0,8.0,25.0,61.3,⚠️ PRESCRIPCIÓN DE RESPALDO (API no disponible): Se ha detectado una desviación en los parámetros operativos. Favor verificar los valores en el panel de control de la máquina y notificar al supervisor de turno si la condición persiste.,,
319,2026-03-11T04:07:31.111968,001,301,3360,ZB1,temp_acond,TEMPERATURA_BAJA,52.937,52.7053,80.0,80.0,280.0,61.3,⚠️ PRESCRIPCIÓN DE RESPALDO (API no disponible): Se ha detectado una desviación en los parámetros operativos. Favor verificar los valores en el panel de control de la máquina y notificar al supervisor de turno si la condición persiste.,,
320,2026-03-15T07:18:17,001,301,3360,ZB1,temp_acond,TEMPERATURA_BAJA,80.8,79.8291,80.0,80.0,280.0,65.1,"Alerta de temperatura baja en la maquina 301. La temperatura actual esta en 79.8 grados y no alcanza la banda de formula. Revise vapor, tiempo de acondicionamiento y condiciones de alimentacion.",,
321,2026-03-15T07:20:17,001,301,3360,ZB1,temp_acond,RETORNO_NORMAL_TEMPERATURA,210.2,119.9213,80.0,80.0,280.0,65.3,Proceso estable en la maquina 301. La temperatura esta normal en 119.9 grados y la presion esta normal en 12.3 PSI. Mantenga la operacion y continue monitoreo.,,
322,2026-03-15T07:50:24,001,301,3360,ZB1,temp_acond,TEMPERATURA_BAJA,80.6,79.7074,80.0,80.0,280.0,65.0,"Severidad PREVENTIVA. Causa probable: energia termica insuficiente para la formula actual. Pronostico a 5 min: riesgo alto de continuar fuera de banda en los proximos 5 minutos. Alerta de temperatura baja en la maquina 301. La temperatura actual esta en 79.7 grados y no alcanza la banda de formula. Revise vapor, tiempo de acondicionamiento y condiciones de alimentacion.",,
323,2026-03-15T07:52:24,001,301,3360,ZB1,temp_acond,RETORNO_NORMAL_TEMPERATURA,214.0,120.9596,80.0,80.0,280.0,65.1,Severidad PREVENTIVA. Causa probable: estabilidad aparente con tendencia de degradacion temprana. Pronostico a 5 min: riesgo medio de acercamiento al limite superior de temperatura en 5 minutos. Proceso estable en la maquina 301. La temperatura esta normal en 121.0 grados y la presion esta normal en 12.4 PSI. Mantenga la operacion y continue monitoreo.,,
324,2026-03-15T08:04:31,001,301,3360,ZB1,temp_acond,TEMPERATURA_BAJA,80.6,79.7074,80.0,80.0,280.0,65.0,"Severidad PREVENTIVA. Causa probable: energia termica insuficiente para la formula actual. Pronostico a 5 min: riesgo alto de continuar fuera de banda en los proximos 5 minutos. Alerta de temperatura baja en la maquina 301. La temperatura actual esta en 79.7 grados y no alcanza la banda de formula. Revise vapor, tiempo de acondicionamiento y condiciones de alimentacion.",,
325,2026-03-15T08:23:10,001,301,3360,ZB1,temp_acond,TEMPERATURA_BAJA,80.6,79.7074,80.0,80.0,280.0,65.0,"Severidad PREVENTIVA. Causa probable: energia termica insuficiente para la formula actual. Pronostico a 5 min: riesgo alto de continuar fuera de banda en los proximos 5 minutos. Alerta de temperatura baja en la maquina 301. La temperatura actual esta en 79.7 grados y no alcanza la banda de formula. Revise vapor, tiempo de acondicionamiento y condiciones de alimentacion.",,
326,2026-03-15T08:25:10,001,301,3360,ZB1,temp_acond,RETORNO_NORMAL_TEMPERATURA,214.0,120.9596,80.0,80.0,280.0,65.1,Severidad PREVENTIVA. Causa probable: estabilidad aparente con tendencia de degradacion temprana. Pronostico a 5 min: riesgo medio de acercamiento al limite superior de temperatura en 5 minutos. Proceso estable en la maquina 301. La temperatura esta normal en 121.0 grados y la presion esta normal en 12.4 PSI. Mantenga la operacion y continue monitoreo.,,
327,2026-03-15T08:50:23,001,301,3360,ZB1,temp_acond,TEMPERATURA_BAJA,80.6,79.7074,80.0,80.0,280.0,65.0,"Severidad PREVENTIVA. Causa probable: energia termica insuficiente para la formula actual. Pronostico a 5 min: riesgo alto de continuar fuera de banda en los proximos 5 minutos. Alerta de temperatura baja en la maquina 301. La temperatura actual esta en 79.7 grados y no alcanza la banda de formula. Revise vapor, tiempo de acondicionamiento y condiciones de alimentacion.",,
328,2026-03-15T08:52:23,001,301,3360,ZB1,temp_acond,RETORNO_NORMAL_TEMPERATURA,214.0,120.9596,80.0,80.0,280.0,65.1,Severidad PREVENTIVA. Causa probable: estabilidad aparente con tendencia de degradacion temprana. Pronostico a 5 min: riesgo medio de acercamiento al limite superior de temperatura en 5 minutos. Proceso estable en la maquina 301. La temperatura esta normal en 121.0 grados y la presion esta normal en 12.4 PSI. Mantenga la operacion y continue monitoreo.,,
329,2026-03-16T21:48:40,001,301,3360,ZB1,temp_acond,TEMPERATURA_BAJA,80.6,79.7074,80.0,80.0,280.0,65.0,"Severidad PREVENTIVA. Causa probable: energia termica insuficiente para la formula actual. Pronostico a 5 min: riesgo alto de continuar fuera de banda en los proximos 5 minutos. Alerta de temperatura baja en la maquina 301. La temperatura actual esta en 79.7 grados y no alcanza la banda de formula. Revise vapor, tiempo de acondicionamiento y condiciones de alimentacion.",,
330,2026-03-16T21:50:40,001,301,3360,ZB1,temp_acond,RETORNO_NORMAL_TEMPERATURA,214.0,120.9596,80.0,80.0,280.0,65.1,Severidad PREVENTIVA. Causa probable: estabilidad aparente con tendencia de degradacion temprana. Pronostico a 5 min: riesgo medio de acercamiento al limite superior de temperatura en 5 minutos. Proceso estable en la maquina 301. La temperatura esta normal en 121.0 grados y la presion esta normal en 12.4 PSI. Mantenga la operacion y continue monitoreo.,,
331,2026-03-18T20:46:51,001,301,3360,ZB1,temp_acond,TEMPERATURA_BAJA,80.6,79.7074,80.0,80.0,280.0,65.0,"Severidad PREVENTIVA. Causa probable: energia termica insuficiente para la formula actual. Pronostico a 5 min: riesgo alto de continuar fuera de banda en los proximos 5 minutos. Alerta de temperatura baja en la maquina 301. La temperatura actual esta en 79.7 grados y no alcanza la banda de formula. Revise vapor, tiempo de acondicionamiento y condiciones de alimentacion.",,
332,2026-03-18T20:53:48,001,301,3360,ZB1,presion_vapor,PRESION_BAJA,5.186,5.4275,8.0,8.0,25.0,56.7,"Severidad ALTA. Causa probable: caida de suministro de vapor o dosificacion insuficiente de energia termica. Pronostico a 5 min: riesgo alto de continuar fuera de banda en los proximos 5 minutos. Alerta de presion y temperatura bajas en la maquina 301. Esto sugiere deficiencia de vapor o dosificacion insuficiente. Revise valvula, confirme suministro de vapor y corrija antes de continuar.",,
333,2026-03-18T20:53:48,001,301,3360,ZB1,temp_acond,TEMPERATURA_BAJA,55.878,55.8332,80.0,80.0,280.0,56.7,"Severidad ALTA. Causa probable: caida de suministro de vapor o dosificacion insuficiente de energia termica. Pronostico a 5 min: riesgo alto de continuar fuera de banda en los proximos 5 minutos. Alerta de presion y temperatura bajas en la maquina 301. Esto sugiere deficiencia de vapor o dosificacion insuficiente. Revise valvula, confirme suministro de vapor y corrija antes de continuar.",,
334,2026-03-18T21:04:29,001,301,3360,ZB1,presion_vapor,PRESION_BAJA,5.186,5.4275,8.0,8.0,25.0,56.7,"Severidad ALTA. Causa probable: caida de suministro de vapor o dosificacion insuficiente de energia termica. Pronostico a 5 min: riesgo alto de continuar fuera de banda en los proximos 5 minutos. Alerta de presion y temperatura bajas en la maquina 301. Esto sugiere deficiencia de vapor o dosificacion insuficiente. Revise valvula, confirme suministro de vapor y corrija antes de continuar.",,
335,2026-03-18T21:04:29,001,301,3360,ZB1,temp_acond,TEMPERATURA_BAJA,55.878,55.8332,80.0,80.0,280.0,56.7,"Severidad ALTA. Causa probable: caida de suministro de vapor o dosificacion insuficiente de energia termica. Pronostico a 5 min: riesgo alto de continuar fuera de banda en los proximos 5 minutos. Alerta de presion y temperatura bajas en la maquina 301. Esto sugiere deficiencia de vapor o dosificacion insuficiente. Revise valvula, confirme suministro de vapor y corrija antes de continuar.",,
336,2026-03-18T21:11:54,001,301,3360,ZB1,presion_vapor,PRESION_BAJA,5.186,5.4275,8.0,8.0,25.0,56.7,"Severidad ALTA. Causa probable: caida de suministro de vapor o dosificacion insuficiente de energia termica. Pronostico a 5 min: riesgo alto de continuar fuera de banda en los proximos 5 minutos. Alerta de presion y temperatura bajas en la maquina 301. Esto sugiere deficiencia de vapor o dosificacion insuficiente. Revise valvula, confirme suministro de vapor y corrija antes de continuar.",,
337,2026-03-18T21:11:54,001,301,3360,ZB1,temp_acond,TEMPERATURA_BAJA,55.878,55.8332,80.0,80.0,280.0,56.7,"Severidad ALTA. Causa probable: caida de suministro de vapor o dosificacion insuficiente de energia termica. Pronostico a 5 min: riesgo alto de continuar fuera de banda en los proximos 5 minutos. Alerta de presion y temperatura bajas en la maquina 301. Esto sugiere deficiencia de vapor o dosificacion insuficiente. Revise valvula, confirme suministro de vapor y corrija antes de continuar.",,
338,2026-03-18T21:25:55,001,301,3360,ZB1,presion_vapor,PRESION_BAJA,5.186,5.4275,8.0,8.0,25.0,56.7,"Severidad ALTA. Causa probable: caida de suministro de vapor o dosificacion insuficiente de energia termica. Pronostico a 5 min: riesgo alto de continuar fuera de banda en los proximos 5 minutos. Alerta de presion y temperatura bajas en la maquina 301. Esto sugiere deficiencia de vapor o dosificacion insuficiente. Revise valvula, confirme suministro de vapor y corrija antes de continuar.",,
339,2026-03-18T21:25:55,001,301,3360,ZB1,temp_acond,TEMPERATURA_BAJA,55.878,55.8332,80.0,80.0,280.0,56.7,"Severidad ALTA. Causa probable: caida de suministro de vapor o dosificacion insuficiente de energia termica. Pronostico a 5 min: riesgo alto de continuar fuera de banda en los proximos 5 minutos. Alerta de presion y temperatura bajas en la maquina 301. Esto sugiere deficiencia de vapor o dosificacion insuficiente. Revise valvula, confirme suministro de vapor y corrija antes de continuar.",,
340,2026-03-18T22:13:30,001,301,3360,ZB1,presion_vapor,PRESION_BAJA,5.186,5.4275,8.0,8.0,25.0,56.7,"Severidad ALTA. Causa probable: caida de suministro de vapor o dosificacion insuficiente de energia termica. Pronostico a 5 min: riesgo alto de continuar fuera de banda en los proximos 5 minutos. Alerta de presion y temperatura bajas en la maquina 301. Esto sugiere deficiencia de vapor o dosificacion insuficiente. Revise valvula, confirme suministro de vapor y corrija antes de continuar.",,
341,2026-03-18T22:13:30,001,301,3360,ZB1,temp_acond,TEMPERATURA_BAJA,55.878,55.8332,80.0,80.0,280.0,56.7,"Severidad ALTA. Causa probable: caida de suministro de vapor o dosificacion insuficiente de energia termica. Pronostico a 5 min: riesgo alto de continuar fuera de banda en los proximos 5 minutos. Alerta de presion y temperatura bajas en la maquina 301. Esto sugiere deficiencia de vapor o dosificacion insuficiente. Revise valvula, confirme suministro de vapor y corrija antes de continuar.",,
342,2026-03-18T22:19:16,001,301,3360,ZB1,presion_vapor,PRESION_BAJA,5.186,5.4275,8.0,8.0,25.0,56.7,"Severidad ALTA. Causa probable: caida de suministro de vapor o dosificacion insuficiente de energia termica. Pronostico a 5 min: riesgo alto de continuar fuera de banda en los proximos 5 minutos. Alerta de presion y temperatura bajas en la maquina 301. Esto sugiere deficiencia de vapor o dosificacion insuficiente. Revise valvula, confirme suministro de vapor y corrija antes de continuar.",,
343,2026-03-18T22:19:16,001,301,3360,ZB1,temp_acond,TEMPERATURA_BAJA,55.878,55.8332,80.0,80.0,280.0,56.7,"Severidad ALTA. Causa probable: caida de suministro de vapor o dosificacion insuficiente de energia termica. Pronostico a 5 min: riesgo alto de continuar fuera de banda en los proximos 5 minutos. Alerta de presion y temperatura bajas en la maquina 301. Esto sugiere deficiencia de vapor o dosificacion insuficiente. Revise valvula, confirme suministro de vapor y corrija antes de continuar.",,
344,2026-03-19T20:06:48,001,301,3360,ZB1,presion_vapor,PRESION_BAJA,5.186,5.4275,8.0,8.0,25.0,56.7,"Severidad ALTA. Causa probable: caida de suministro de vapor o dosificacion insuficiente de energia termica. Pronostico a 5 min: riesgo alto de continuar fuera de banda en los proximos 5 minutos. Alerta de presion y temperatura bajas en la maquina 301. Esto sugiere deficiencia de vapor o dosificacion insuficiente. Revise valvula, confirme suministro de vapor y corrija antes de continuar.",,
345,2026-03-19T20:06:48,001,301,3360,ZB1,temp_acond,TEMPERATURA_BAJA,55.878,55.8332,80.0,80.0,280.0,56.7,"Severidad ALTA. Causa probable: caida de suministro de vapor o dosificacion insuficiente de energia termica. Pronostico a 5 min: riesgo alto de continuar fuera de banda en los proximos 5 minutos. Alerta de presion y temperatura bajas en la maquina 301. Esto sugiere deficiencia de vapor o dosificacion insuficiente. Revise valvula, confirme suministro de vapor y corrija antes de continuar.",,
346,2026-03-21T23:13:46,001,301,3360,ZB1,presion_vapor,PRESION_BAJA,5.186,5.4275,8.0,8.0,25.0,56.7,"Severidad ALTA. Causa probable: caida de suministro de vapor o dosificacion insuficiente de energia termica. Pronostico a 5 min: riesgo alto de continuar fuera de banda en los proximos 5 minutos. Alerta de presion y temperatura bajas en la maquina 301. Esto sugiere deficiencia de vapor o dosificacion insuficiente. Revise valvula, confirme suministro de vapor y corrija antes de continuar.",,
347,2026-03-21T23:13:46,001,301,3360,ZB1,temp_acond,TEMPERATURA_BAJA,55.878,55.8332,80.0,80.0,280.0,56.7,"Severidad ALTA. Causa probable: caida de suministro de vapor o dosificacion insuficiente de energia termica. Pronostico a 5 min: riesgo alto de continuar fuera de banda en los proximos 5 minutos. Alerta de presion y temperatura bajas en la maquina 301. Esto sugiere deficiencia de vapor o dosificacion insuficiente. Revise valvula, confirme suministro de vapor y corrija antes de continuar.",,
348,2026-03-22T09:42:38,001,301,3360,ZB1,presion_vapor,PRESION_BAJA,5.186,5.4275,8.0,8.0,25.0,56.7,"Severidad ALTA. Causa probable: caida de suministro de vapor o dosificacion insuficiente de energia termica. Pronostico a 5 min: riesgo alto de continuar fuera de banda en los proximos 5 minutos. Alerta de presion y temperatura bajas en la maquina 301. Esto sugiere deficiencia de vapor o dosificacion insuficiente. Revise valvula, confirme suministro de vapor y corrija antes de continuar.",,
349,2026-03-22T09:42:38,001,301,3360,ZB1,temp_acond,TEMPERATURA_BAJA,55.878,55.8332,80.0,80.0,280.0,56.7,"Severidad ALTA. Causa probable: caida de suministro de vapor o dosificacion insuficiente de energia termica. Pronostico a 5 min: riesgo alto de continuar fuera de banda en los proximos 5 minutos. Alerta de presion y temperatura bajas en la maquina 301. Esto sugiere deficiencia de vapor o dosificacion insuficiente. Revise valvula, confirme suministro de vapor y corrija antes de continuar.",,
